#,Referring page title,Referring page URL,Language,Platform,Referring page HTTP code,Domain rating,UR,Domain traffic,Referring domains,Linked domains,External links,Page traffic,Keywords,Target URL,Left context,Anchor,Right context,Redirect Chain URLs,Redirect Chain status codes,Type,Content,Nofollow,UGC,Sponsored,Rendered,Raw,Lost status,Drop reason,Discovered status,First seen,Last seen,Lost,Author,Links in group
1,Blog amateur : cr√©er un espace personnel et authentique,https://www.saucewriting.com/guides/creer-blog-amateur,fr,,200,37,6,3600,2,6,6,887,7,https://www.lamicrobyflo.fr/rubriques/,"comme Impact IM . Sur la microentreprise, vous pouvez lire",La micro by flo,". Bref, vous pouvez cr√©er un blog sur le sujet",,,text,FALSE,FALSE,FALSE,FALSE,TRUE,TRUE,,,pagefound,2023-10-12 21:53:15,2025-12-01 14:36:49,,,1
2,D√©missionner de l‚Äô√âducation Nationale | Guide Complet - Avant J'√©tais Prof,https://avantjetaisprof.com/demissionner-education-nationale/,fr,wordpress,200,25,5,844,1,12,22,453,56,https://lamicrobyflo.fr/comment-cumuler-100-du-chomage-avec-ta-micro-entreprise/,vous avez cr√©√© votre entreprise AVANT de quitter l‚ÄôEN ->,https://lamicrobyflo.fr/comment-cumuler-100-du-chomage-avec-ta-micro-entreprise/,). Si vous optez pour la d√©mission et que celle-ci,,,text,FALSE,TRUE,TRUE,FALSE,FALSE,TRUE,,,linkfound,2025-01-31 01:06:54,2025-11-28 02:50:35,,,2
3,Guichet unique des formalit√©s : comment signer ses d√©marches sans identit√© num√©rique La Poste - francenum.gouv.fr,https://www.francenum.gouv.fr/formations/guichet-unique-des-formalites-comment-signer-ses-demarches-sans-identite-numerique-la,fr,,200,84,5,150959,2,20,24,264,82,https://lamicrobyflo.fr/guichet-unique-des-entreprises-la-plateforme-pour-gerer-toutes-les-formalites/,,Guichet unique des entreprises : la plateforme pour g√©rer toutes les formalit√©s,,,,text,FALSE,FALSE,FALSE,FALSE,TRUE,TRUE,,,pagefound,2025-10-17 15:09:10,2025-11-30 17:34:13,,,7
4,ARNAQUE : Registre des Soci√©t√©s Europ√©ennes üö® - YouTube,https://www.youtube.com/watch?v=ovt7RVSGdYE,en,,200,99,0,2287431424,1,5,6,245,10,https://lamicrobyflo.fr/avis-de-paiement-du-registre-des-societes-europeennes-arnaque-ou-offre-commerciale/,,https://lamicrobyflo.fr/avis-de-paiement-du-registre-des-societes-europeennes-arnaque-ou-offre-commerciale/,,,,text,FALSE,TRUE,FALSE,FALSE,TRUE,FALSE,,,linkfound,2025-12-01 02:37:34,2025-12-01 02:37:34,,,346
5,Comment cr√©er une micro-entreprise ?,https://qonto.com/fr/blog/creation-entreprise/micro-entrepreneur/creer-micro-entreprise,fr,,200,78,5,888363,8,14,18,148,20,https://lamicrobyflo.fr/,des offres promotionnelles pour certains outils sur le site de,La Micro by Flo,par exemple.,,,text,FALSE,FALSE,FALSE,FALSE,TRUE,TRUE,,,linkfound,2025-10-09 04:56:53,2025-10-12 08:08:07,,Marion Gobourg,5
6,Cong√© maternit√© et travail ind√©pendant : comment √ßa marche ? Fiche pratique de l'Adie,https://www.adie.org/fiches-pratiques/le-conge-maternite-et-le-travail-independant/,fr,,200,76,4.5,80128,0,10,16,87,40,https://lamicrobyflo.fr/tout-savoir-sur-le-conge-maternite-en-micro-entreprise/,La Newsletters sur le cong√© maternit√© en micro-entreprise de,La Micro By Flo,,,,text,FALSE,FALSE,FALSE,FALSE,FALSE,TRUE,,,linkfound,2024-09-12 10:19:26,2025-11-28 19:53:23,,,2
7,"üü£ ERREUR 2000 - Le sub Twitch de retour √† 4.99‚Ç¨, cotisations √† la hausse pour les ind√©s...",https://erreur2000.info/le-sub-twitch-de-retour-a-4-99e-cotisations-a-la-hausse-pour-les-indes/,fr,,200,8,4.5,107,0,15,28,9,6,https://lamicrobyflo.fr/augmentation-des-cotisations-pour-les-activites-liberales-les-explications/,,"Hausse des cotisations sociales URSSAF pour les activit√©s lib√©ralesD√®s juillet 2024, les activit√©s lib√©rales subiront une augmentation du taux de cotisations sociales. Je t‚Äôexplique les cons√©quences de cette augmentation. LA MICRO BY FLOFlorian Charpentier",,,,image,TRUE,FALSE,FALSE,FALSE,FALSE,TRUE,,,pagefound,2024-06-06 14:23:09,2025-11-30 12:05:40,,,1
8,Quelles sont les d√©clarations √† effectuer en tant qu'auto-entrepreneur ? | Centre d'aide Wecasa,https://help.wecasa.fr/fr/articles/3701795-quelles-sont-les-declarations-a-effectuer-en-tant-qu-auto-entrepreneur,fr,,200,64,9,166353,0,7,14,8,14,https://www.lamicrobyflo.fr/remplir-la-declaration-initiale-de-cfe/,üîóPlus d'infos :,Le guide de la d√©claration initiale de CFE,*,,,text,FALSE,TRUE,FALSE,FALSE,FALSE,TRUE,,,pagefound,2023-06-27 22:03:39,2025-11-14 04:13:09,,,4
9,The Tough Realities of Being Self-Employed in France - Am√©ricaine in France,https://www.americaineinfrance.com/2025/06/17/reality-self-employed-freelance-in-france/,en,wordpress,200,22,5,274,0,13,24,7,2,https://lamicrobyflo.fr/newsletter/,Ladies in Business in France . I also subscribe to,La Micro by Flo‚Äôs newsletter,", which is in French. He always knows the latest",,,text,TRUE,FALSE,FALSE,FALSE,FALSE,TRUE,,,pagefound,2025-07-05 01:04:59,2025-11-27 02:34:41,,,1
10,Avantage auto-entrepreneur : ce que vous devez savoir en 2025 !,https://blog.abby.fr/avantages-auto-entrepreneur/,fr,wordpress,200,53,7,15925,1,12,17,6,3,https://lamicrobyflo.fr/,,La Micro by Flo,": un blog personnel ultra-complet, tenu par Florian Chrpentier, un",,,text,TRUE,FALSE,FALSE,FALSE,TRUE,TRUE,,,linkrestored,2025-08-05 22:31:59,2025-12-01 13:58:19,,,4
11,TVA en Micro-Entreprise | Tout ce que vous devez savoir,https://www.thebboost.fr/tva-micro-entreprise/,fr,wordpress,200,52,4.5,2816,2,14,21,6,1,https://lamicrobyflo.fr/demander-passage-tva/?srsltid=AfmBOorcuEMfBaSW8_XTx_XRgKGF9U9pCUBu7H_m-lJqLemyWX_VlYI1,,Tuto de Flo pour passer √† la TVA,,https://lamicrobyflo.fr/demander-de-passer-a-la-tva/?srsltid=AfmBOorcuEMfBaSW8_XTx_XRgKGF9U9pCUBu7H_m-lJqLemyWX_VlYI1,301,text,FALSE,FALSE,FALSE,FALSE,FALSE,TRUE,,,linkrestored,2025-03-21 03:27:51,2025-12-01 09:08:00,,,3
12,"En tant qu'auto-entrepreneur, quels sont vos droits √† la retraite ?",https://www.generali.fr/actu/retraite-auto-entrepreneur/,fr,,200,75,5,212206,0,16,23,4,6,https://lamicrobyflo.fr/chiffre-daffaires-et-revenus-quelle-difference/,,revenu annuel,,,,text,TRUE,FALSE,FALSE,FALSE,FALSE,TRUE,,,linkfound,2025-09-23 13:56:09,2025-11-25 17:25:26,,,1
13,Devenir traducteur ind√©pendant en microentreprise - Tradupreneurs,https://www.tradupreneurs.fr/devenir-traducteur-independant-en-microentreprise/,fr,wordpress,200,18,4.9,83,0,27,69,4,6,https://lamicrobyflo.fr/,,La Micro by Flo,‚Äî Portail d‚Äôinformation par Florian Charpentier,,,text,FALSE,FALSE,FALSE,FALSE,FALSE,TRUE,,,linkfound,2025-06-02 20:47:03,2025-11-29 12:47:16,,Ga√´le Gagn√©,5
14,"Micro-entreprise, ACRE, ARCE et ordre chronoligique: Reto - Free-Work",https://www.free-work.com/fr/tech-it/forum/t/micro-entreprise-acre-arce-et-ordre-chronoligique-retour-dexperience,fr,,200,68,6,51069,0,9,12,1,3,https://lamicrobyflo.fr/blog/le-compte-bancaire-en-micro-entreprise/,,https://lamicrobyflo.fr/blog/le-compte-bancaire-en-micro-entreprise/,je te conseille de t'abonner a lui sur youtube c'est,,,text,FALSE,FALSE,FALSE,FALSE,FALSE,TRUE,,,linkfound,2024-01-24 17:19:48,2025-11-12 19:29:05,,,13
15,–ö–∞–∫ –æ—Ç–∫—Ä—ã—Ç—å –ò–ü | –ø–æ—à–∞–≥–æ–≤–∞—è –∏–Ω—Å—Ç—Ä—É–∫—Ü–∏—è,https://exil-solidaire.fr/enregistrement_EI,"ru, en",,200,14,4.8,392,0,25,36,1,1,https://lamicrobyflo.fr/changement-adresse-micro-entreprise/,,"Comment faire le changement d‚Äôadresse de sa micro-entreprise ?Tuto complet pour changer l'adresse de ta micro-entreprise : proc√©dure d√©taill√©e, documents √† fournir et d√©lais √† respecter. Modifie ton adresse sereinement ! Comment faire le changement d‚Äôadresse de sa micro-entreprise ? https://lamicrobyflo.fr/changement-adresse-micro-entreprise/ Comment faire le changement d‚Äôadresse de sa ...",,,,image,FALSE,FALSE,FALSE,FALSE,FALSE,TRUE,,,linkfound,2025-04-28 12:19:06,2025-11-30 20:02:03,,,2
16,Sorority Club,https://www.sorority-club.com/article/maman-entrepreneneur-trouver-equilibre,fr,,200,0.2,4.8,24,0,3,4,1,1,https://www.lamicrobyflo.fr/,a par exemple le fameux d√©codeur de la micro-entreprise :,la Micro by Flo,.,,,text,FALSE,FALSE,FALSE,FALSE,FALSE,TRUE,,,pagefound,2024-07-09 16:55:48,2025-11-28 18:55:25,,,2
17,Showcase | Premium Ghost Themes by fueko,https://fueko.net/showcase/,en,,200,70,19,33,1,300,304,0,4,https://www.lamicrobyflo.fr/?ref=fueko.net,,lamicrobyflo.fr,,,,text,FALSE,FALSE,FALSE,FALSE,FALSE,TRUE,,,linkrestored,2023-07-02 19:45:09,2025-10-28 06:33:39,,,1
18,inspiration ‚Äì Un site utilisant WordPress,https://valentinmaynadie.com/inspiration2/,fr,"ecommerce, wordpress",200,2.7,5,0,0,458,601,0,0,https://www.lamicrobyflo.fr/auteurs/florian/,,Florian CHARPENTIER - La Micro by Flo,,,,text,FALSE,FALSE,FALSE,FALSE,FALSE,TRUE,,,linkfound,2024-11-26 23:53:19,2025-11-28 20:38:21,,,2
19,JLM Consultant,http://jlmconsultant.fr/,fr,,200,13,5,69,2,14,18,0,0,https://www.lamicrobyflo.fr/,,La Micro by Flo,,,,image,FALSE,FALSE,FALSE,FALSE,FALSE,TRUE,,,linkrestored,2022-11-17 01:01:32,2025-12-01 04:47:08,,,458
20,LA MICRO BY FLO | Ausha,https://podcast.ausha.co/lamicrobyflo,en,,200,86,5,62435,3,4,4,0,0,https://lamicrobyflo.fr/,,lamicrobyflo.fr/,,,,text,FALSE,FALSE,FALSE,FALSE,TRUE,TRUE,,,pagefound,2024-03-18 21:38:19,2025-11-24 10:41:39,,,150
21,Comment financer votre formation √† La Fabrique Narrative - Guide pratique 2025 ‚Äî La Fabrique Narrative,https://lafabriquenarrative.org/financer-sa-formation,fr,,200,48,5,29,0,19,24,0,0,https://lamicrobyflo.fr/reforme-fifpl-2025-droits-formation/,‚óè,Article explicatif,,,,text,FALSE,FALSE,FALSE,FALSE,FALSE,TRUE,,,pagefound,2025-10-06 22:46:37,2025-11-18 12:06:40,,,1
22,R√©forme Assurance Ch√¥mage 2025 : Guide pour les Cr√©ateurs,https://guideducreateur.com/reforme-assurance-chomage-2025-guide-createur/,fr,"ecommerce, wordpress",200,29,5,0,0,26,39,0,0,https://lamicrobyflo.fr/changements-assurance-chomage-1er-avril-2025/,"3 changements qui impactent les micro-entrepreneurs, accessed August 13, 2025,",https://lamicrobyflo.fr/changements-assurance-chomage-1er-avril-2025/,,,,text,TRUE,FALSE,FALSE,FALSE,FALSE,TRUE,,,pagefound,2025-08-13 20:11:57,2025-11-24 20:36:23,,,1
23,10 comptes LinkedIn √† suivre pour progresser en freelance,https://www.guideduportage.com/actualite/10-comptes-linkedin-suivre-progresser-freelance,fr,wordpress,200,43,5,3058,2,8,9,0,0,https://lamicrobyflo.fr/,Florian Charpentier est le fondateur de,La micro by Flo,. Son objectif : aider les auto-entrepreneurs √† tout comprendre √† la,,,text,TRUE,FALSE,FALSE,FALSE,FALSE,TRUE,,,pagefound,2024-02-24 03:30:54,2025-11-26 16:36:47,,,1
24,Moodentrepreneurs ‚Ä¢ Par ici les meilleurs bons plans pour les freelances !,https://moodentrepreneurs.fr/partenaires/,fr,wordpress,200,25,5,7,1,17,32,0,0,https://lamicrobyflo.fr/,,Logo La micro By flo,,,,image,FALSE,FALSE,FALSE,FALSE,TRUE,TRUE,,,linkfound,2025-03-01 04:59:38,2025-12-01 12:16:55,,,3
25,Les Cl√©s Juridiques - La Juriste 2.0,https://lajuriste20.fr/les-cles-juridiques/,fr,wordpress,200,26,5,16,0,6,7,0,0,https://www.lamicrobyflo.fr/,Avec,FLORIAN | LA MICRO BY FLO,,,,text,FALSE,FALSE,FALSE,FALSE,FALSE,TRUE,,,linkfound,2023-11-26 11:11:13,2025-11-24 00:37:17,,,2
26,"Les 5 actus du freelancing - Semaine 7 | Freelicious, le m√©dia du freelancing",https://www.freelicious.fr/media-articles/les-5-actus-du-freelancing-semaine-7,"fr, en",,200,2.7,4.9,353,0,7,10,0,0,https://lamicrobyflo.fr/reforme-seuil-tva-25-000/,suivre ! Retrouve l‚Äôarticle de l‚Äôexpert Florian Charpentier ici :,https://lamicrobyflo.fr/reforme-seuil-tva-25-000/,,,,text,TRUE,FALSE,FALSE,FALSE,FALSE,TRUE,,,pagefound,2025-02-14 18:14:15,2025-11-23 10:23:02,,,1
27,La fin - @gabinaureche,https://gabin.app/posts/la-fin,fr,,200,11,4.8,3,0,46,120,0,0,https://lamicrobyflo.fr/,,La Micro by Flo,,,,text,TRUE,FALSE,FALSE,FALSE,FALSE,TRUE,,,pagefound,2024-03-21 05:47:02,2025-11-14 23:22:40,,,2
28,Bo√Æte √† outils de l'entrepreneur - Formation Premier Pas,https://formation-premier-pas.fr/boite-a-outils-de-lentrepreneur/,fr,"ecommerce, wordpress",200,0.3,4.7,0,0,59,81,0,0,https://lamicrobyflo.fr/,,Le site de la Micro by Flo,,,,text,FALSE,FALSE,FALSE,FALSE,FALSE,TRUE,,,pagefound,2024-11-29 07:22:11,2025-11-19 03:38:07,,,1
29,Le mirage du chiffre d‚Äôaffaires,https://www.aamouton.fr/le-mirage-du-ca/,fr,"ecommerce, wordpress",200,22,4.7,19,0,6,15,0,0,https://lamicrobyflo.fr/prevoyance-et-mutuelle-cest-quoi-la-difference/,,"Pr√©voyance et mutuelle, c‚Äôest quoi la diff√©rence ?",(La Micro by Flo),,,text,FALSE,FALSE,FALSE,FALSE,FALSE,TRUE,,,pagefound,2025-07-11 10:39:45,2025-11-29 00:41:49,,,1
30,EVOLUTION DES COTISATIONS SOCIALES DES AUTO-ENTREPRENEURS - SASTI Bourgogne-Franche-Comt√©,https://www.sasti.fr/ressources/evolution-des-cotisations-sociales-des-auto-entrepreneurs,fr,,200,17,4.7,6,0,7,11,0,0,https://lamicrobyflo.fr/augmentation-des-cotisations-pour-les-activites-liberales-les-explications/,que La Micro by Floa consacr√© √† ce sujet :,https://lamicrobyflo.fr/augmentation-des-cotisations-pour-les-activites-liberales-les-explications/,,,,text,FALSE,FALSE,FALSE,FALSE,FALSE,TRUE,,,pagefound,2024-07-26 19:42:58,2025-11-30 04:27:44,,,5
31,Ma√Ætrisez l'Assurance Responsabilit√© Civile Professionnelle : Votre Guide Essentiel,https://www.meilleurassuranceprofessionnel.fr/guide-complet-sur-lassurance-responsabilite-civile-professionnelle/,fr,wordpress,200,3.4,4.7,99,1,7,7,0,0,https://lamicrobyflo.fr/lassurance-responsabilite-civile-professionnelle-rc-pro/?srsltid=AfmBOoqujlhOU2psCXHdznZIRY-N_fw9algNNmjquXaSV800KhKVah-V,,Comprendre la responsabilit√© civile professionnelle,,,,text,FALSE,FALSE,FALSE,FALSE,FALSE,TRUE,,,pagefound,2024-10-13 05:32:56,2025-11-30 01:32:23,,,1
32,BuddyWorkers,https://www.buddyworkers.com/articles/assurance-chomage-changements-1er-avril-2025,fr,,200,10,4.6,110,0,6,6,0,0,https://lamicrobyflo.fr/changements-assurance-chomage-1er-avril-2025,‚Äã,Lamicrobyflo.fr,"(n'h√©sitez pas √† consulter cette v√©ritable mine d'or de ressources,",,,text,TRUE,FALSE,FALSE,FALSE,FALSE,TRUE,,,pagefound,2025-04-04 16:49:38,2025-11-20 15:41:16,,,3
33,Nos partenaires - La commu Montpellier,https://www.la-commu-montpellier.fr/partenaires/,fr,"ecommerce, wordpress",200,2.4,4.6,0,0,8,14,0,0,https://lamicrobyflo.fr/,,Je veux travailler avec lui !,,,,text,FALSE,FALSE,FALSE,FALSE,FALSE,TRUE,,,linkfound,2025-02-15 06:53:59,2025-11-28 16:41:41,,,1
34,Veille Num√©rique - Le petit bureau d'Isa,https://lepetitbureaudisa.com/veille-numerique/,fr,wordpress,200,0.6,4.6,0,0,3,5,0,0,https://lamicrobyflo.fr/la-cotisation-fonciere-des-entreprises-cfe/?srsltid=AfmBOorifHtAAX5P6e1_3M4NfMvoSpltQDm61844e3uwEks8q-K47N3_,C‚Äôest ici,fl√®che d'acc√®s,,,,image,TRUE,FALSE,FALSE,FALSE,FALSE,TRUE,,,pagefound,2024-12-14 03:01:47,2025-11-19 13:58:13,,,3
35,√âconomisez sur votre RC Pro üíºüí∞ : Astuces pour une couverture pas ch√®re !,https://www.assurancepourautoentrepreneur.fr/assurance-rc-pro-pas-cher-comment-economiser-sur-votre-couverture/,,wordpress,200,3.1,4.6,15,0,16,18,0,0,https://www.lamicrobyflo.fr/lassurance-responsabilite-civile-professionnelle-rc-pro/?srsltid=AfmBOoqxRJdpthaL35LBEpPtCVik9et0J3UnFQlj0qWE-z_g4AlMlr0_,"Les comparateurs d‚Äôassurances, comme Orus ou",La Micro by Flo,", sont des outils pr√©cieux pour trouver les meilleures offres.",,,text,TRUE,FALSE,FALSE,FALSE,FALSE,TRUE,,,pagefound,2025-03-13 23:59:36,2025-11-20 17:49:56,,,5
36,La Micro by Flo : conseils pour micro-entrepreneurs,https://freelancekit.fr/ressources/la-micro-by-flo,fr,,200,25,4.6,655,0,9,10,0,0,https://lamicrobyflo.fr/,,Visiter le site de La Micro by Flo,,,,text,TRUE,FALSE,FALSE,FALSE,FALSE,TRUE,,,linkfound,2025-04-02 10:32:50,2025-11-27 21:31:17,,,3
37,Exercer en auto-entreprise - D√©sengrammation cellulaire,https://desengrammation-cellulaire.com/exercer-en-auto-entreprise-therapie-energetique-holistique/,fr,wordpress,200,18,4.6,0,0,19,40,0,0,https://lamicrobyflo.fr/,,Le site internet de La Micro by Flo,,,,text,FALSE,FALSE,FALSE,FALSE,FALSE,TRUE,,,linkrestored,2024-01-10 14:37:32,2025-11-16 16:29:41,,,1
38,"Tarif graphiste : Identit√© de marque, visuelle, logo - Studio Floriane",https://www.studiofloriane.fr/42-tarifs-graphiste-freelance-logo-flyer-identite-visuelle/,fr,wordpress,200,4.7,4.6,0,0,4,4,0,0,https://lamicrobyflo.fr/,"mon expertise. Pour √ßa, je vous invite √† voir avec",Florian de La Micro by Flo,. Il aura toutes les r√©ponses -ou presque- √† vos,,,text,TRUE,FALSE,FALSE,FALSE,FALSE,TRUE,,,linkfound,2025-04-12 23:34:23,2025-12-01 13:22:00,,Floriane Brault,1
39,Builders n¬∞1 - L'√©v√©nement entrepreneurial de Reims,https://capsul-france.com/event-builders,fr,,200,9,4.6,134,1,10,14,0,0,https://lamicrobyflo.fr/,,,,,,image,FALSE,FALSE,FALSE,FALSE,FALSE,TRUE,,,pagefound,2024-04-06 13:35:18,2025-11-29 14:15:14,,,1
40,Micro-Entreprise et Retraite en 2022 : comment √ßa marche ?,https://www.getcaravel.fr/lp/guide-micro-entreprise-et-retraite,fr,,200,38,4.6,3613,3,6,7,0,0,https://lamicrobyflo.fr/,,En savoir plus,,https://www.lamicrobyflo.fr/,301,text,FALSE,FALSE,FALSE,FALSE,FALSE,TRUE,,,pagefound,2024-07-02 12:41:44,2025-11-29 12:17:10,,,2
41,Ghost CMS News: Ghost Explore & Premium Newsletter Previews | Bright Themes,https://brightthemes.com/blog/ghost-news-ghost-explore,en,,200,73,4.6,386,0,18,32,0,0,https://www.lamicrobyflo.fr/,", Tangle , Whiskey 7 Backroads ,",La Micro by Flo,", Evangelical Times , Tessa Kriesel ,",,,text,TRUE,TRUE,FALSE,FALSE,FALSE,TRUE,,,linkrestored,2023-06-24 23:14:03,2025-10-23 23:23:41,,Bright Themes,2
42,Organiser la comptabilit√© de l'auto-entrepreneur,https://estelleseznec.com/organiser-comptabilite-autoentrepreneur/,fr,wordpress,200,0.1,4.6,2,1,8,10,0,0,https://academie.lamicrobyflo.fr/les-bases-de-la-micro-entreprise/c3bok,"Si vous souhaitez conna√Ætre les bases de la micro-entreprise, d√©couvrez",ce cours en ligne,accessible et complet.,,,text,TRUE,FALSE,FALSE,FALSE,TRUE,TRUE,,,pagefound,2024-08-12 01:48:19,2025-11-26 08:30:03,,,3
43,FAQ Side Business | Jessica David,https://jessicadavidcoaching.com/coachings/faq-side-business/,fr,wordpress,200,0,4.5,0,0,7,7,0,0,https://lamicrobyflo.fr/,complet pour trouver toutes les infos sur la micro-entreprise :,La Micro by Flo,,,,text,FALSE,FALSE,FALSE,FALSE,FALSE,TRUE,,,pagefound,2025-11-04 20:16:41,2025-12-02 13:52:20,,,1
44,Grossesse : ressources & bons plans | Top Knot and Tea Cups,https://topknotandteacups.com/2024/04/04/grossesse-ressources-bonsplans/,fr,wordpress,200,3.8,4.5,54,0,23,43,0,0,https://lamicrobyflo.fr/articles/tout-savoir-sur-le-conge-maternite-en-micro-entreprise/,,"Tout savoir sur le cong√© maternit√© en auto-entreprise, La Micro By Flo",,,,text,FALSE,FALSE,FALSE,FALSE,FALSE,TRUE,,,pagefound,2024-04-04 21:43:35,2025-11-27 02:59:33,,,1
45,Gen√®se de Doc et Plume ‚Äì Doc et Plume,https://www.docetplume.fr/genese/,fr,"ecommerce, wordpress",200,2.4,4.5,0,0,12,13,0,0,https://lamicrobyflo.fr/,La complice :,la micro by Flo,,,,text,FALSE,FALSE,FALSE,FALSE,FALSE,TRUE,,,linkrestored,2024-09-22 16:45:43,2025-11-15 06:26:44,,,1
46,Blogs et sites √† suivre pour d√©velopper votre entreprise ‚Äì Rigolatis COMMONS,https://rigolatis.com/wiki/blogs-et-sites-a-suivre-pour-developper-votre-entreprise/,fr,"ecommerce, wordpress",200,20,4.5,27,0,48,54,0,0,https://lamicrobyflo.fr/,,https://lamicrobyflo.fr/,,,,text,FALSE,FALSE,FALSE,FALSE,FALSE,TRUE,,,pagefound,2024-11-14 23:00:13,2025-11-15 03:21:54,,,1
47,La Fiscalit√© du Business de Management OnlyFans,https://www.vyraheart.fr/fiscalite-management-onlyfan/,fr,"ecommerce, wordpress",200,0,4.5,8,0,4,5,0,0,https://lamicrobyflo.fr/declarer-revenus-onlyfans-mym/,les d√©clarer √† titre non professionnel ou cr√©er une entreprise.,La Micro by Flo,,,,text,TRUE,FALSE,FALSE,FALSE,FALSE,TRUE,,,pagefound,2025-04-05 18:10:34,2025-11-29 03:14:24,,,1
48,D√©clarer ses revenus Adsense : enfin LE tuto complet et d√©taill√© ! - Mon Argent Simplement,https://monargentsimplement.com/declarer-revenus-adsense-guide-complet-simple,"fr, en",wordpress,200,1,4.5,55,0,12,15,0,0,https://lamicrobyflo.fr/,"bien document√©s sur le r√©gime de micro-entreprise, je vous recomande",La Micro by Flo,: c‚Äôest un excellent portail avec de nombreux tutoriels bien,,,text,TRUE,FALSE,FALSE,FALSE,FALSE,TRUE,,,pagefound,2025-04-16 05:06:11,2025-11-30 13:40:48,,Mon Argent Simplement,1
49,LA MICRO BY FLO - Salon SME,https://www.salonsme.com/espace-exposants/exposants/la-micro-by-flo-1709.html,"en, fr",,200,59,4.5,737,0,18,22,0,0,https://lamicrobyflo.fr/,,LA MICRO BY FLO,,,,image,FALSE,FALSE,FALSE,FALSE,FALSE,TRUE,,,linkrestored,2024-08-06 13:40:07,2025-11-30 16:06:33,,,1
50,10 questions √† se poser avant de devenir photographe professionnel,https://www.graindepixel.fr/questions-devenir-photographe-professionnel/,fr,wordpress,200,22,4.5,105,0,4,5,0,0,https://www.lamicrobyflo.fr/,photographes qui se lancent aujourd‚Äôhui le font sur le web,en micro entreprise.,Il y en a bien 20% sont incapable de remplir,,,text,TRUE,FALSE,FALSE,FALSE,FALSE,TRUE,,,linkrestored,2025-01-10 14:56:25,2025-11-28 16:31:52,,,2
51,Nouvelle mention l√©gale au 1er juillet 2021 ‚Äì A2R Micro ‚Äì Assistance informatique,https://a2rmicro.net/nouvelle-mention-legale-au-1er-juillet-2021/,fr,"ecommerce, wordpress",200,15,4.5,0,0,11,12,0,0,https://www.lamicrobyflo.fr/blog/mention-garantie-legale-conformite-obligatoire,,https://www.lamicrobyflo.fr/blog/mention-garantie-legale-conformite-obligatoire,,,,text,FALSE,TRUE,FALSE,FALSE,FALSE,TRUE,,,linkrestored,2021-06-30 06:28:28,2025-12-01 02:51:08,,,1
52,Zoom sur les droits des ind√©pendants et freelances,https://lacollab.com/library/blog/3-choses-auxquelles-vous-avez-droit-sans-forcement-le-savoir/,fr,wordpress,200,47,4.5,474,0,13,18,0,0,https://www.lamicrobyflo.fr/,"le king de la micro-entreprise, √† savoir Florian Charpentier, alias",La Micro By Flo,.,,,text,TRUE,FALSE,FALSE,FALSE,FALSE,TRUE,,,pagefound,2025-01-18 08:14:04,2025-11-30 15:14:23,,La Collab,2
53,üí°1001 id√©es de cartes-cadeaux pour votre commerce - ADELYA,https://adelya.com/%F0%9F%92%A11001-idees-de-cartes-cadeaux-pour-votre-commerce/,fr,,200,51,4.5,311,0,5,6,0,0,https://lamicrobyflo.fr/cartes-cadeaux-comment-les-gerer-en-micro-entreprise/?srsltid=AfmBOorA6dBe-YEDAFsd_A_NBdl5wVetY7icK8OTQ1W5I0eRF4c5Jfgj,Sur le site,lamicrobyflo.fr,", vous trouverez un article tr√®s int√©ressant sur des aspectsplus",,,text,FALSE,FALSE,FALSE,FALSE,FALSE,TRUE,,,pagefound,2024-10-17 23:22:42,2025-12-01 21:00:00,,R√©jane Artico,1
54,Quel statut juridique choisir pour se lancer en freelance en 2024 ? Micro-entreprise et entreprise individuelle - L'archipel,https://larchipel.io/quel-statut-juridique-choisir-pour-se-lancer-en-freelance-en-2024-partie-1/,fr,wordpress,200,13,4.5,4,0,16,19,0,0,https://lamicrobyflo.fr/,La,Micro by Flo,", un m√©dia pour comprendre simplement la micro (une p√©pite)",https://www.lamicrobyflo.fr/,301,text,FALSE,FALSE,FALSE,FALSE,FALSE,TRUE,,,pagefound,2024-02-21 14:57:50,2025-11-24 07:54:49,,Kevin Gaillardet,2
55,Frais professionnels ou D√©bours par Sophie Court,https://www.sophiecourt.fr/frais-professionnels-ou-debours/,fr,wordpress,200,1.4,4.5,0,0,8,12,0,0,https://lamicrobyflo.fr/tout-comprendre-aux-frais-de-debours/,"Pour plus d‚Äôinfos, lisez ces articles de",la Micro by Flo,et de Bpifrance Cr√©ation .,https://lamicrobyflo.fr/articles/tout-comprendre-aux-frais-de-debours/,301,text,TRUE,FALSE,FALSE,FALSE,FALSE,TRUE,,,linkrestored,2024-06-24 15:36:35,2025-11-28 10:14:04,,,9
56,Devenir sophrologue : guide complet pour r√©ussir et s'√©panouir,https://www.alexiabarre.fr/devenir-sophrologue-tout-ce-quil-faut-savoir-pour-reussir-et-sepanouir-dans-cette-profession/,fr,wordpress,200,7,4.5,166,0,14,14,0,0,https://lamicrobyflo.fr/augmentation-des-cotisations-pour-les-activites-liberales-les-explications/,"cotisations sociales, sont incontournables et varient selon vos revenus (","augmentation du taux √† 26,1% pour les BNC",),,,text,TRUE,TRUE,FALSE,FALSE,FALSE,TRUE,,,pagefound,2024-07-13 22:34:40,2025-12-01 22:36:31,,Alexia Barr√©,1
57,Small business | Le SEO by Tibo,https://www.leseobytibo.fr/small-business/,fr,"ecommerce, wordpress",200,13,4.5,0,0,3,3,0,0,https://lamicrobyflo.fr/,,Je visite le site de La Micro By Flo,,,,text,FALSE,FALSE,FALSE,FALSE,FALSE,TRUE,,,linkrestored,2025-03-05 12:25:53,2025-11-29 09:54:30,,,1
58,Budget 2026 : Le seuil de TVA des micro-entreprises en chute libre,https://reussirsaboutiqueenligne.fr/astuces/budget-2026-le-retour-de-labaissement-du-seuil-de-tva-pour-les-micro-entreprises/,fr,wordpress,200,33,4.5,55,0,3,3,0,0,https://lamicrobyflo.fr/reforme-seuil-tva-suspendue-2026/,"fiscalit√© pour d‚Äôautres. Pour faciliter cette transition, des outils comme",reforme-seuil-tva-suspendue-2026,ou BPI France proposent des solutions pour mieux anticiper ces,,,text,TRUE,FALSE,FALSE,FALSE,FALSE,TRUE,,,pagefound,2025-10-16 15:05:16,2025-11-23 20:28:11,,,1
59,üöÄ Guide complet : Les assurances pro indispensables pour auto-entrepreneurs ! üíº,https://www.nebema.org/assurance-professionnelle-pour-auto-entrepreneurs-le-guide-complet-du-credit-mutuel/les-types-dassurance-professionnelle-pour-auto-entrepreneurs-expliques/,,wordpress,200,7,4.5,11,0,4,4,0,0,https://lamicrobyflo.fr/lassurance-responsabilite-civile-professionnelle-rc-pro/?srsltid=AfmBOopG3L1E_U-_Oa6hYepvmBMk-CeGUElSd6i58ez8GZPgQdHgbRHC,"salvateur en cas de litige. Pour plus de d√©tails, d√©couvrez",cette page sur la RC Pro,.,,,text,FALSE,FALSE,FALSE,FALSE,FALSE,TRUE,,,pagefound,2024-09-24 14:52:31,2025-12-01 09:58:09,,,3
60,ANDES | L'enqu√™teur social | Statut de l'enqu√™teur social,https://www.andes-enquete-sociale.com/enqueteur-social/statut-enqueteur-social.php,fr,,200,5,4.5,5,0,11,17,0,0,https://lamicrobyflo.fr/,Plus d'infos :,https://lamicrobyflo.fr/,,,,text,TRUE,FALSE,FALSE,FALSE,FALSE,TRUE,,,pagefound,2025-10-08 18:23:08,2025-11-06 11:24:33,,,1
61,5 id√©es de compl√©ment de revenus qui fonctionnent vraiment - Organiser son quotidien,https://organisersonquotidien.fr/5-idees-de-complement-de-revenus/,fr,"ecommerce, wordpress",200,17,4.5,761,0,11,13,0,0,https://lamicrobyflo.fr/,de devenir autoentrepreneur : retrouvez des infos sur le site,La Micro By Flo,.,https://www.lamicrobyflo.fr/,301,text,TRUE,FALSE,FALSE,FALSE,FALSE,TRUE,,,linkrestored,2023-05-05 21:31:19,2025-11-27 21:42:06,,,4
62,Photographe professionnel - Josselin Martin Photographie,https://josselin-martin-photographe.fr/photographe-professionnel/,fr,"ecommerce, wordpress",200,23,4.5,172,0,5,6,0,0,https://www.lamicrobyflo.fr/,permet se simplifier l‚Äôadministratif. Je vous conseille l‚Äôexcellent blog de,Florian Charpentier,"sur la micro entreprise et le r√©gime d‚Äôind√©pendant,",,,text,FALSE,FALSE,FALSE,FALSE,FALSE,TRUE,,,linkrestored,2022-12-09 16:41:16,2025-11-27 23:49:08,,,2
63,"üí∏ Le guide (presque) ultime des imp√¥ts - üí° Et les meilleures astuces de la team Snowball. | Snowball, des newsletters pour investir !",https://media.snowball.xyz/article/le-guide-presque-ultime-des-impots,fr,,200,44,4.5,541,0,21,45,0,0,https://www.lamicrobyflo.fr/,üí°,Pour aller encore plus loin avec la micro-entreprise,", on vous conseille La Micro by Flo . Florian",,,text,TRUE,FALSE,FALSE,FALSE,FALSE,TRUE,,,linkrestored,2025-03-06 17:33:50,2025-12-02 05:30:50,,,3
64,Espace documentation - TEMPO,https://agencetempo.fr/espace-documentation/,fr,wordpress,200,13,4.5,0,0,22,30,0,0,https://lamicrobyflo.fr/,,https://lamicrobyflo.fr/,,,,text,FALSE,FALSE,FALSE,FALSE,FALSE,TRUE,,,linkfound,2025-11-14 16:21:26,2025-12-01 00:41:19,,,2
65,üíº Assurez-vous √† bon prix : Astuces pour choisir l'assurance pro id√©ale ! üí°,https://www.responsabilitecivileprofessionnelletarif.fr/assurance-professionnelle-pas-cher-comment-faire-le-bon-choix/assurance-professionnelle-abordable-conseils-pour-faire-le-meilleur-choix/,fr,wordpress,200,0.7,4.4,11,0,5,5,0,0,https://lamicrobyflo.fr/lassurance-responsabilite-civile-professionnelle-rc-pro/?srsltid=AfmBOorOrpzgKT_fUaAYW6TbQ4-FEW6cvyGQTth8-GB9Hky4cA63VWV-,et les plus adapt√©s √† votre secteur. Des sites comme,la micro by Flo,peuvent s‚Äôav√©rer utiles pour recueillir des t√©moignages.,,,text,TRUE,FALSE,FALSE,FALSE,FALSE,TRUE,,,pagefound,2024-10-06 01:43:14,2025-10-17 07:46:56,,,1
66,Accompagnement Juridique pour les Professionnels Ind√©pendants en France,https://blog.simulateur-portage-salarial.fr/accompagnement-juridique/,fr,wordpress,200,28,4.4,170,0,12,18,0,0,https://lamicrobyflo.fr/assistance-juridique-vs-protection-juridique-quelles-differences/,,En savoir plus,,,,text,TRUE,TRUE,FALSE,FALSE,FALSE,TRUE,,,pagefound,2025-04-16 19:37:15,2025-10-22 02:44:52,,,1
67,"Nouvelle mention EI √† faire appara√Ætre sur tous les documents √† partir du 15 mai - Freelance/pro - Ch 2 : Statut et administratif - Le forum de DigitalPainting.school : concept art, illustration, 3D et art num√©rique",https://digitalpainting.school/forum/topic/33730-nouvelle-mention-ei-%C3%A0-faire-appara%C3%AEtre-sur-tous-les-documents-%C3%A0-partir-du-15-mai/,en,,200,44,4.4,6848,0,24,89,0,0,https://www.lamicrobyflo.fr/nouvelle-mention-ei-documents/?fbclid=IwAR0SZdpTMjXI1l23Q-z2haMVBDSO_ViswDzz38lvnnFMlZA0b5RvNm31s1o,,https://www.lamicrobyflo.fr/nouvelle-mention-ei-documents/?fbclid=IwAR0SZdpTMjXI1l23Q-z2haMVBDSO_ViswDzz38lvnnFMlZA0b5RvNm31s1o,,,,text,FALSE,TRUE,FALSE,FALSE,FALSE,TRUE,,,pagefound,2023-05-23 17:29:28,2025-10-18 03:22:52,,,3
68,L'Essentiel de l'Auto-Entrepreneur en 2024 : Votre Guide √† T√©l√©charger,https://www.prevoyanceautoentrepreneur.fr/guide-complet-de-lauto-entrepreneur-en-2024-telechargez-le-pdf/,fr,wordpress,200,1.3,4.4,9,1,5,8,0,0,https://lamicrobyflo.fr/valider-4-trimestres-retraite-micro-entreprise/,an. Plus d‚Äôinformations sur cette validation peuvent √™tre trouv√©es sur,ce lien,.,,,text,TRUE,FALSE,FALSE,FALSE,TRUE,TRUE,,,pagefound,2025-01-09 12:40:30,2025-11-30 12:35:41,,,2
69,Micro-entreprises : les 5 arnaques les plus courantes en 2024 | Uberzone,https://uberzone.fr/threads/micro-entreprises-les-5-arnaques-les-plus-courantes-en-2024.22667/,fr,,200,13,3.7,1281,0,12,13,0,0,https://lamicrobyflo.fr/registre-societes-europeennes-arnaque-ou-offre-commerciale/,,Notification discr√©tionnaire : dois-tu payer r√©ellement ?,,https://lamicrobyflo.fr/avis-de-paiement-du-registre-des-societes-europeennes-arnaque-ou-offre-commerciale/,301,text,FALSE,TRUE,FALSE,FALSE,FALSE,TRUE,,,linkfound,2025-06-04 08:53:05,2025-06-04 08:53:05,,,1
70,Nouveaux entrepreneurs : ne tombez pas dans le pi√®ge de ces fausses obligations l√©gales,https://www.sudouest.fr/economie/nouveaux-entrepreneurs-ne-tombez-pas-dans-le-piege-de-ces-fausses-obligations-legales-24410892.php,fr,,200,85,3.7,2239548,0,40,56,0,2,https://lamicrobyflo.fr/ape-affichage-obligatoire-quest-ce-que-cest/,encore plus pressant. Intitul√© ¬´ Euro Service - Affichage obligatoire ¬ª ou,¬´ APE-Affichage obligatoire ¬ª,"selon les diff√©rentes formes constat√©es, il r√©clame aux nouveaux entrepreneurs",https://lamicrobyflo.fr/articles/ape-affichage-obligatoire-quest-ce-que-cest/,301,text,TRUE,TRUE,FALSE,FALSE,FALSE,TRUE,,,linkfound,2025-08-29 19:15:36,2025-08-29 19:15:36,,,2
71,Qu'est-ce que les frais de d√©bours ? - Poser et R√©pondre - Glarity,https://askai.glarity.app/fr/search/Qu-est-ce-que-les-frais-de-d%C3%A9bours,fr,,200,57,1.5,2422,0,15,17,0,0,https://lamicrobyflo.fr/tout-comprendre-aux-frais-de-debours/?srsltid=AfmBOop_TpAymZYD6UGyxKBHb3aybC6yi30vFZ-FpCGaFtwR7v8z4dZX,,[7,,,,text,TRUE,TRUE,FALSE,FALSE,FALSE,TRUE,,,pagefound,2024-12-10 17:54:07,2025-09-01 02:48:05,,,2
72,Lamicrobyflo.fr - Ask Question,https://trustedrevie.ws/questions/lamicrobyflo.fr,en,,200,38,1.5,2500,0,5,5,0,0,https://lamicrobyflo.fr/,,Lamicrobyflo.fr Visit Website,,,,text,FALSE,TRUE,FALSE,FALSE,FALSE,TRUE,,,pagefound,2024-01-03 22:47:40,2025-07-24 06:32:18,,,2
73,love.net.in | few of top websites | page no. 171,https://www.love.net.in/domain-list-171,en,,200,12,1.2,0,1,1061,2091,0,0,http://lamicrobyflo.fr/,,lamicrobyflo.fr,,,,text,FALSE,TRUE,FALSE,FALSE,TRUE,TRUE,,,pagefound,2024-08-06 18:42:39,2025-07-29 18:53:21,,,2
74,Imp√¥ts : les 5 erreurs √† ne pas faire dans sa d√©claration de revenus,https://www.bibamagazine.fr/lifestyle/societe/impots-les-5-erreurs-a-ne-pas-faire-dans-sa-declaration-de-revenus-408218.html,fr,wordpress,200,71,1.2,56950,0,17,31,0,0,https://lamicrobyflo.fr/declaration-de-revenus-mes-conseils/,de la paperasse administrative pour les micro-entrepreneurs et fondateur de,La Micro by Flo,", il y a une erreur √† ne surtout pas",https://lamicrobyflo.fr/articles/declaration-de-revenus-mes-conseils/,301,text,TRUE,FALSE,FALSE,FALSE,FALSE,TRUE,,,linkrestored,2024-05-28 05:18:52,2025-09-15 07:01:12,,Ava Skoupsky,2
75,mandakini.co.in | few of top websites | page no. 171,https://www.mandakini.co.in/domain-list-171,en,,200,6,0.9,295,2,1039,2050,0,0,http://lamicrobyflo.fr/,,lamicrobyflo.fr,,,,text,FALSE,TRUE,FALSE,FALSE,TRUE,TRUE,,,linkrestored,2023-06-25 16:00:50,2025-09-19 01:21:03,,,2
76,Podcast Vision - Podcasts-Online.org,https://www.podcasts-online.org/pt/podcast-vision-1688699496,"fr, pt",,200,48,0.8,2555,0,30,158,0,0,https://lamicrobyflo.fr/,,https://www.lamicrobyflo.fr/,,https://www.lamicrobyflo.fr/,301,text,FALSE,TRUE,FALSE,FALSE,FALSE,TRUE,,,linkfound,2024-01-17 23:11:08,2025-06-03 05:46:03,,,8
77,Bons plans | Pauline GERARD coach,https://www.paulinegerard-evidencecoaching.com/bons-plans,fr,cms,200,0.3,0.6,4,0,5,7,0,0,https://lamicrobyflo.fr/,,https://lamicrobyflo.fr/,,,,text,FALSE,FALSE,FALSE,FALSE,FALSE,TRUE,,,linkrestored,2023-11-02 09:49:12,2025-07-02 20:50:09,,,1
78,La micro entreprise pour le c√©ramiste - LaMicroByFlo - Le podcast du Bol - Podcast en iVoox,https://www.ivoox.com/micro-entreprise-pour-le-ceramiste-lamicrobyflo-audios-mp3_rf_136370969_1.html,"fr, es",,200,86,0.4,130237,0,11,14,0,0,https://lamicrobyflo.fr/,,https://lamicrobyflo.fr/,,,,text,TRUE,FALSE,FALSE,FALSE,FALSE,TRUE,,,pagefound,2025-02-04 13:20:14,2025-08-26 11:22:24,,,3
79,P√©pite Lille HDF | Bienvenue,https://pepite-nord.pepitizy.fr/fr/events/25789,fr,,200,44,0.2,53,0,3,4,0,0,https://lamicrobyflo.fr/,,https://www.lamicrobyflo.fr/,,https://www.lamicrobyflo.fr/,301,text,TRUE,FALSE,FALSE,FALSE,FALSE,TRUE,,,linkfound,2025-03-05 19:40:30,2025-07-04 21:09:56,,,2
80,Les dates cl√©s de la CFE pour ne pas √™tre pris au d√©pourvu !,https://castbox.fm/episode/Les-dates-cl%C3%A9s-de-la-CFE-pour-ne-pas-%C3%AAtre-pris-au-d%C3%A9pourvu-!-id6027000-id748607013,"fr, en",,200,87,0.2,16326,0,5,14,0,0,https://lamicrobyflo.fr/comment-remplir-la-declaration-initiale-de-cfe/,Comment remplir la d√©claration initiale de CFE :,https://lamicrobyflo.fr/comment-remplir-la-declaration-initiale-de-cfe/,,,,text,FALSE,TRUE,FALSE,FALSE,FALSE,TRUE,,,pagefound,2024-12-17 06:30:24,2025-08-28 08:41:22,,,61
81,R√©alisations - Julie Goudier - Studio graphique Nantes,https://julie-goudier.fr/realisations/,fr,"ecommerce, wordpress",200,16,0.1,68,0,22,29,0,1,https://lamicrobyflo.fr/,,Logo client La Micro By Flo,,https://www.lamicrobyflo.fr/,301,image,FALSE,FALSE,FALSE,FALSE,FALSE,TRUE,,,linkrestored,2024-01-09 17:40:27,2025-09-03 22:27:51,,,4
82,Domain list part L ‚Äì 141001 to 142000 ‚Äì SARYS ANALYTICS,https://sarys.co.uk/o4k9jp7ybqeer2uru8eh1zgiwqsw71/,en,wordpress,200,2.6,0,0,0,1011,1053,0,0,https://lamicrobyflo.fr/,,lamicrobyflo.fr,,,,image,FALSE,TRUE,FALSE,FALSE,FALSE,TRUE,,,pagefound,2025-08-20 13:19:22,2025-11-12 16:01:52,,,1
83,Auto-entrepreneur accompagnante p√©rinatale : bien d√©buter,https://sesamely.fr/auto-entrepreneur-accompagnante-perinatale/,fr,wordpress,200,18,0,6,0,7,9,0,0,https://lamicrobyflo.fr/micro-entreprise-vs-auto-entreprise-quelles-differences/,(expert de la micro-entreprise) explique √ßa tr√®s bien ici :,D√©couvre son article,,,,text,FALSE,FALSE,FALSE,FALSE,FALSE,TRUE,,,pagefound,2025-11-23 05:22:51,2025-11-23 05:22:51,,Am√©lie Dequatre,1
84,√©ch√©ancier urssaf auto entrepreneur,https://3dogtech.com/CfwV/%C3%A9ch%C3%A9ancier-urssaf-auto-entrepreneur,fr,wordpress,200,1.3,0,0,0,22,49,0,0,https://www.lamicrobyflo.fr/nouvelle-mention-ei-documents/,bancaire. L‚Äô√©ch√©ancier des d√©clarations de chiffre d‚Äôaffaires pour un auto-entrepreneur.,"Nouvelle mention ""EI"" a indiquer sur tous vos documents",Deux possibilit√©s : Cela veut dire qu‚Äôau lieu de payer,,,text,TRUE,FALSE,FALSE,FALSE,FALSE,TRUE,,,pagefound,2025-07-07 00:49:31,2025-11-26 06:00:10,,,1
85,ÈæôËôéÊ≠¶Â∏àKungfu Stuntmen:Never Say NO!(2021)-Ê°àÂâëÁûãÁõÆ,https://tztkkrqj.xyz/ahttpeppzqfsm,de,,200,0,0,0,0,276,312,0,0,https://lamicrobyflo.fr/le-versement-liberatoire-de-limpot-sur-le-revenu/,"Black Hat SEO, Google SEO fast ranking ‚Üë‚Üë‚Üë Telegram: @seo7878","yoDT2‚Üë‚Üë‚ÜëBlack Hat SEO backlinks, focusing on Black Hat SEO, Google SEO fast ranking ‚Üë‚Üë‚Üë Telegram: @seo7878","2MKf8‚Üë‚Üë‚ÜëBlack Hat SEO backlinks, focusing on Black Hat SEO, Google",,,text,FALSE,FALSE,FALSE,FALSE,FALSE,TRUE,,,linkfound,2025-06-26 00:11:09,2025-06-26 00:11:09,,,1
86,R√©ponses aux questions fr√©quentes : votre guide incontournable ! üìòü§î,https://agent-commercial.net/2025/08/07/reponses-aux-questions-frequentes-guide-complet-pour-mieux-comprendre/,fr,wordpress,200,21,0,0,0,10,11,0,0,https://lamicrobyflo.fr/boutique/top-100-questions-micro-entreprise/,En explorant des,th√©matiques sp√©cifiques,"telles que la micro-entreprise, il est possible de concevoir des",,,text,TRUE,FALSE,FALSE,FALSE,FALSE,TRUE,,,linkrestored,2025-08-08 06:14:44,2025-11-28 01:55:40,,,1
87,foxtuning.com | few of top websites | page no. 171,https://www.foxtuning.com/domain-list-171,en,,200,0,0,0,0,1058,2046,0,0,https://lamicrobyflo.fr/,,lamicrobyflo.fr,,http://lamicrobyflo.fr/,301,text,FALSE,TRUE,FALSE,FALSE,FALSE,TRUE,,,pagefound,2025-04-09 05:01:37,2025-08-25 14:50:55,,,2
88,toplist.co.in | few of top websites | page no. 171,https://www.toplist.co.in/domain-list-171,en,,200,14,0,0,1,1018,1437,0,0,http://lamicrobyflo.fr/,,lamicrobyflo.fr,,,,text,FALSE,TRUE,FALSE,FALSE,TRUE,TRUE,,,pagefound,2025-02-03 15:18:53,2025-11-19 07:57:16,,,2
89,How to Use Advanced Marketing Analytics Without Being Overwhelmed | Pirdu,https://pirdu.com/how-to-use-advanced-marketing-analytics-without-being-overwhelmed/,en,wordpress,200,29,0,0,29,3451,4123,0,0,https://lamicrobyflo.fr/,,lamicrobyflo,,,,text,FALSE,FALSE,FALSE,FALSE,FALSE,TRUE,,,pagefound,2025-01-07 17:11:22,2025-12-01 13:14:18,,,1
90,topdirectory.co.in | few of top websites | page no. 171,https://www.topdirectory.co.in/domain-list-171,en,,200,7,0,0,1,1023,1446,0,0,http://lamicrobyflo.fr/,,lamicrobyflo.fr,,,,text,FALSE,TRUE,FALSE,FALSE,TRUE,TRUE,,,pagefound,2025-01-11 02:27:50,2025-12-01 18:55:49,,,2
91,Nos partenaires,https://alamano-academie.com/nos-partenaires/,fr,wordpress,200,14,0,392,0,7,8,0,0,https://www.lamicrobyflo.fr/,,lamicrobyflo.fr,,,,text,FALSE,FALSE,FALSE,FALSE,FALSE,TRUE,,,pagefound,2025-02-25 16:51:56,2025-10-24 07:08:53,,,2
92,Calculer revenu brocante (Sep 2025),https://modelesdebusinessplan.com/blogs/infos/brocante-estimation-revenu-outil,fr,,200,62,0,13961,0,12,13,0,0,https://lamicrobyflo.fr/cheques-especes-virements-plateformes-en-ligne-quand-declarer-lencaissement/,,La Micro by Flo - D√©claration encaissements,,,,text,TRUE,TRUE,FALSE,FALSE,FALSE,TRUE,,,linkfound,2025-09-28 00:52:00,2025-12-01 21:51:21,,,1
93,How to Use Advanced Marketing Analytics Without Being Overwhelmed | Top Articles,https://toparticlesdirectory.com/how-to-use-advanced-marketing-analytics-without-being-overwhelmed/,en,wordpress,200,29,0,0,30,3451,4126,0,0,https://lamicrobyflo.fr/,,lamicrobyflo,,,,text,FALSE,FALSE,FALSE,FALSE,FALSE,TRUE,,,pagefound,2024-12-31 13:53:54,2025-12-02 15:41:58,,,1
94,"On vous en dit plus sur les 2 gros √©v√©nements qui ont marqu√© notre mois de Juin, alors pr√™t(e) ?",https://capsulfrance.substack.com/p/on-vous-en-dit-plus-sur-les-2-gros,fr,,200,93,0,5246106,0,14,20,0,0,https://lamicrobyflo.fr/,,LaMicroByFlo,,,,text,TRUE,FALSE,FALSE,FALSE,FALSE,TRUE,,,linkfound,2025-07-23 08:07:27,2025-07-23 08:07:27,,,1
95,7146678 - AFNIL,https://www.afnil.org/afnil_editeurs/7146678/,fr,wordpress,200,62,0,1239,0,2,3,0,0,https://lamicrobyflo.fr/,,lamicrobyflo.fr,,http://lamicrobyflo.fr/,301,text,FALSE,FALSE,FALSE,FALSE,FALSE,TRUE,,,pagefound,2025-02-06 17:11:59,2025-10-20 05:06:52,,,2
96,How to Use Advanced Marketing Analytics Without Being Overwhelmed | SEO Article Time,https://seoarticletime.com/how-to-use-advanced-marketing-analytics-without-being-overwhelmed/,en,wordpress,200,27,0,0,29,3452,4123,0,0,https://lamicrobyflo.fr/,,lamicrobyflo,,,,text,FALSE,FALSE,FALSE,FALSE,TRUE,TRUE,,,pagefound,2024-12-31 13:50:08,2025-11-30 15:59:16,,,1
97,realypay.com | few of top websites | page no. 171,https://www.realypay.com/domain-list-171,en,,200,8,0,0,0,1053,2051,0,0,http://lamicrobyflo.fr/,,lamicrobyflo.fr,,,,text,FALSE,TRUE,FALSE,FALSE,FALSE,TRUE,,,linkfound,2025-04-12 17:06:46,2025-07-01 15:31:30,,,2
98,NEW HIGH DA AND DR WEBSITES-66 - Way Ranks,https://wayranks.com/new-high-da-and-dr-websites-66/,en,wordpress,200,59,0,0,6,3760,4442,0,0,https://lamicrobyflo.fr/,,lamicrobyflo.fr,,,,text,FALSE,FALSE,FALSE,FALSE,TRUE,TRUE,,,pagefound,2024-05-29 02:56:35,2025-11-28 23:03:30,,,1
99,Êò•Â®áÊïëÂøóÊòéLove off the cuff(2017)-ÊùæÁ≠†‰πãËäÇ,https://eeiodsxf.xyz/oralraqciisye,en,,200,0,0,0,0,268,314,0,0,https://lamicrobyflo.fr/le-versement-liberatoire-de-limpot-sur-le-revenu/,"Black Hat SEO, Google SEO fast ranking ‚Üë‚Üë‚Üë Telegram: @seo7878","HmzIi‚Üë‚Üë‚ÜëBlack Hat SEO backlinks, focusing on Black Hat SEO, Google SEO fast ranking ‚Üë‚Üë‚Üë Telegram: @seo7878","JQfYl‚Üë‚Üë‚ÜëBlack Hat SEO backlinks, focusing on Black Hat SEO, Google",,,text,FALSE,FALSE,FALSE,FALSE,FALSE,TRUE,,,linkfound,2025-06-27 14:26:55,2025-06-27 14:26:55,,,1
100,Custom Banners to Market Your Business Brand And Advertise Your Products And Services | Linking Directory,https://linkingdirectory.com/custom-banners-to-market-your-business-brand-and-advertise-your-products-and-services/,en,wordpress,200,45,0,0,1,1764,2073,0,0,https://lamicrobyflo.fr/,,lamicrobyflo.fr,,,,text,TRUE,FALSE,FALSE,FALSE,TRUE,TRUE,,,pagefound,2024-03-09 02:07:35,2025-12-01 15:05:32,,,1
101,Liens - Le guide du photographe de mariage,https://www.leguideduphotographedemariage.fr/liens/,fr,wordpress,200,29,0,1181,0,11,13,0,0,https://lamicrobyflo.fr/ape-affichage-obligatoire/,,"APE ‚Äì Affichage obligatoire, qu‚Äôest-ce que c‚Äôest ?",,,,text,FALSE,FALSE,FALSE,FALSE,FALSE,TRUE,,,linkfound,2025-11-14 20:12:33,2025-11-25 19:25:22,,,1
102,Cong√© Maternit√© en micro-entreprise : un v√©ritable labyrinthe ìÜôìÜôìÜô ‚Ä¢ Apolline Muet,https://www.apollinemuet.com/blogs/conge-maternite-en-micro-entreprise-un-veritable-labyrinthe,fr,,200,4.3,0,0,0,5,5,0,0,https://lamicrobyflo.fr/tout-savoir-sur-le-conge-maternite-en-micro-entreprise/,,le site de la Micro By Flo,,,,text,TRUE,TRUE,FALSE,FALSE,FALSE,TRUE,,,pagefound,2025-10-24 06:03:52,2025-11-30 16:39:09,,,2
103,Le guide ultime des logiciels de gestion de recettes pour auto-entrepreneurs ‚Äì Dec√©nnale Auto Entrepreneur,https://www.decennaleautoentrepreneur.fr/le-guide-ultime-des-logiciels-de-gestion-de-recettes-pour-auto-entrepreneurs/,fr,wordpress,200,1.8,0,10,0,4,4,0,0,https://lamicrobyflo.fr/la-checklist-ultime-de-la-micro-entreprise/?srsltid=AfmBOoq-OX0QhbBxGzcT4w_cdq97jqCVN2fddomqzI7aJjaX1V4Mocgx,"facilitent la vie des auto-entrepreneurs. Tout d‚Äôabord, certains logiciels comme",QuickBooks,"ou Libeo permettent une gestion simplifi√©e des op√©rations de facturation,",,,text,TRUE,FALSE,FALSE,FALSE,FALSE,TRUE,,,pagefound,2024-10-18 09:38:16,2025-12-02 04:57:57,,,1
104,How to Use Advanced Marketing Analytics Without Being Overwhelmed | Ranks Directory,https://ranksdirectory.com/how-to-use-advanced-marketing-analytics-without-being-overwhelmed/,en,wordpress,200,26,0,0,29,3451,4123,0,0,https://lamicrobyflo.fr/,,lamicrobyflo,,,,text,FALSE,FALSE,FALSE,FALSE,FALSE,TRUE,,,pagefound,2024-12-31 15:38:58,2025-12-01 17:18:10,,,1
105,nmedicine.net ‚Äì backlinkdirectory.site,https://backlinkdirectory.site/nmedicine-net/,en,wordpress,200,36,0,0,0,3870,5284,0,0,https://lamicrobyflo.fr/,,lamicrobyflo.fr,,,,text,FALSE,FALSE,FALSE,FALSE,FALSE,TRUE,,,linkfound,2025-10-14 11:49:17,2025-10-14 11:49:17,,,2
106,revenu fiscal de r√©f√©rence 2020 bar√®me,https://balletheloisanegri.com.br/wp-content/uploads/how-to/revenu-fiscal-de-r%C3%A9f%C3%A9rence-2020-bar%C3%A8me,,wordpress,200,0.3,0,288,0,22,34,0,0,https://www.lamicrobyflo.fr/le-versement-liberatoire-de-limpot-sur-le-revenu/,avantages fiscaux et sociaux. Bar√®me imp√¥t 2021 (sur revenu 2020).,Le versement lib√©ratoire de l'imp√¥t sur le revenu - La micro by Flo,Pourquoi votre pension retraite pourrait baisser en 2022 - Boursorama,,,text,TRUE,FALSE,FALSE,FALSE,FALSE,TRUE,,,pagefound,2025-02-19 14:07:47,2025-10-25 15:22:33,,,2
107,Politique de confidentialit√© -,https://www.delphinemariongallois.com/politique-de-confidentialite/,fr,"ecommerce, wordpress",200,0.5,0,0,0,4,4,0,0,https://www.lamicrobyflo.fr/consultation-micro-entreprise/,Lorsque vous prenez un rendez-vous avec moi pour,une consultation,", j‚Äôai besoin de quelques informations suppl√©mentaires, non pas pour",,,text,TRUE,TRUE,FALSE,FALSE,FALSE,TRUE,,,pagefound,2025-02-26 01:58:07,2025-08-22 22:07:01,,,1
108,"No√´l, nos meilleures id√©es cadeaux pour entrepreneur.e.s üéÅ",https://capture-communication.fr/vie-dentrepreneur/les-nouvelles-regles-de-franchise-de-tva-pour-2025-ce-quil-faut-savoir/,fr,wordpress,200,43,0,245,0,7,8,0,0,https://lamicrobyflo.fr/les-regles-et-seuils-de-tva-changent-en-2025/,,La Micro by Flo,,,,text,FALSE,FALSE,FALSE,FALSE,FALSE,TRUE,,,pagefound,2024-11-14 18:26:38,2025-11-28 00:36:22,,,1
109,w3bdirectory.com | few of top websites | page no. 171,https://www.onemilliondomains.com/domain-list-171,en,,200,8,0,0,0,1048,2040,0,0,https://lamicrobyflo.fr/,,lamicrobyflo.fr,,http://lamicrobyflo.fr/,301,text,FALSE,TRUE,FALSE,FALSE,FALSE,TRUE,,,pagefound,2025-02-12 20:08:01,2025-06-10 09:03:29,,,2
110,information.net.in | few of top websites | page no. 171,https://www.information.net.in/domain-list-171,en,,200,0.1,0,0,0,1063,2116,0,0,https://lamicrobyflo.fr/,,lamicrobyflo.fr,,http://lamicrobyflo.fr/,301,text,FALSE,TRUE,FALSE,FALSE,FALSE,TRUE,,,linkrestored,2025-04-11 13:33:37,2025-10-17 21:23:41,,,4
111,Extrait Inscription Registre Des M√©tiers - HNTSRL,https://www.hntsrl.com/?h=1677073,en,,200,0,0,0,0,9,9,0,0,https://www.lamicrobyflo.fr/content/images/2022/03/avis_situation_INSEE1.jpg,,Extrait Inscription Registre Des M√©tiers,,,,image,FALSE,FALSE,FALSE,FALSE,FALSE,TRUE,,,linkfound,2025-06-29 02:04:23,2025-08-28 05:25:07,,,1
112,nmedicine.net ‚Äì websiteworld.site,https://websiteworld.site/nmedicine-net/,en,wordpress,200,36,0,0,0,3870,5282,0,0,https://lamicrobyflo.fr/,,lamicrobyflo.fr,,,,text,FALSE,FALSE,FALSE,FALSE,FALSE,TRUE,,,linkfound,2025-10-14 18:51:41,2025-10-14 18:51:41,,,2
113,Êàë‰ª¨ÂÅúÊàòÂêßThe Merger(2015)-ÊìÖÂ£ë‰∏ì‰∏ò,https://lgmzs.ixinvbxm.xyz/thamkpktjqtir,,,200,0,0,0,0,270,302,0,0,https://lamicrobyflo.fr/le-versement-liberatoire-de-limpot-sur-le-revenu/,"Black Hat SEO, Google SEO fast ranking ‚Üë‚Üë‚Üë Telegram: @seo7878","1Iedq‚Üë‚Üë‚ÜëBlack Hat SEO backlinks, focusing on Black Hat SEO, Google SEO fast ranking ‚Üë‚Üë‚Üë Telegram: @seo7878","wpc0A‚Üë‚Üë‚ÜëBlack Hat SEO backlinks, focusing on Black Hat SEO, Google",,,text,FALSE,FALSE,FALSE,FALSE,FALSE,TRUE,,,linkfound,2025-06-27 14:34:26,2025-06-27 14:34:26,,,1
114,go.lamicrobyflo.fr - shovel.report,https://www.shovel.report/domain/go.lamicrobyflo.fr,en,,200,1.8,0,0,0,2,3,0,0,https://lamicrobyflo.fr/,,Icon for go.lamicrobyflo.fr go.lamicrobyflo.fr,,https://go.lamicrobyflo.fr/,301,image,FALSE,FALSE,FALSE,FALSE,FALSE,TRUE,,,linkfound,2025-10-19 04:22:21,2025-10-19 04:22:21,,,2
115,ÂªâÊîøÈ£é‰∫ëIntegrity(2019)-Èí©ÂøÉÊñóËßí,https://sai.wenejgql.xyz/zsob/1,,,200,0,0,0,0,224,259,0,0,https://lamicrobyflo.fr/le-versement-liberatoire-de-limpot-sur-le-revenu/,"Black Hat SEO, Google SEO fast ranking ‚Üë‚Üë‚Üë Telegram: @seo7878","Bmock‚Üë‚Üë‚ÜëBlack Hat SEO backlinks, focusing on Black Hat SEO, Google SEO fast ranking ‚Üë‚Üë‚Üë Telegram: @seo7878","1BUJU‚Üë‚Üë‚ÜëBlack Hat SEO backlinks, focusing on Black Hat SEO, Google",,,text,FALSE,FALSE,FALSE,FALSE,FALSE,TRUE,,,linkfound,2025-07-01 08:49:31,2025-07-01 08:49:31,,,1
116,"Les impay√©s, enjeux et conseils pour les T.P.E. - Coup de pouce gestion",https://coupdepoucegestion.fr/index.php/2025/03/18/les-impayes-enjeux-et-conseils-pour-les-t-p-e/,fr,wordpress,200,1.7,0,0,0,8,11,0,0,https://lamicrobyflo.fr/impayes-de-facture-comment-sen-sortir-sans-prise-de-tete/,,,,,,image,FALSE,TRUE,FALSE,FALSE,FALSE,TRUE,,,pagefound,2025-03-28 20:33:40,2025-11-30 08:26:18,,,2
117,Bilan 3 mois de blogging - Carefull Ladyboss,https://carefull-ladyboss.fr/bilan-3-mois-de-blogging/,fr,wordpress,200,0.5,0,0,0,7,9,0,0,https://lamicrobyflo.fr/,J‚Äôai √©cum√© le site de,la Micro by Flo,qui est une vraie mine d‚Äôor pour cr√©er et g√©rer,,,text,TRUE,TRUE,FALSE,FALSE,FALSE,TRUE,,,linkrestored,2024-11-24 03:31:17,2025-11-29 18:15:13,,,1
118,nmedicine.net ‚Äì seoboast.site,https://seoboast.site/nmedicine-net/,en,wordpress,200,36,0,0,0,3872,5284,0,0,https://lamicrobyflo.fr/,,lamicrobyflo.fr,,,,text,FALSE,FALSE,FALSE,FALSE,FALSE,TRUE,,,linkfound,2025-10-13 11:10:06,2025-10-20 02:51:09,,,2
119,alpana.co.in | few of top websites | page no. 171,https://www.alpana.co.in/domain-list-171,en,,200,6,0,0,0,1020,1422,0,0,https://lamicrobyflo.fr/,,lamicrobyflo.fr,,http://lamicrobyflo.fr/,301,text,FALSE,TRUE,FALSE,FALSE,FALSE,TRUE,,,pagefound,2025-06-02 22:38:06,2025-11-09 04:21:49,,,2
120,√©ch√©ancier urssaf auto entrepreneur,https://malinne.pl/claude-coffee/%C3%A9ch%C3%A9ancier-urssaf-auto-entrepreneur,fr,"ecommerce, wordpress",200,6,0,1,0,14,21,0,0,https://www.lamicrobyflo.fr/nouvelle-mention-ei-documents/,"et de paiement d‚Äôun √©ch√©ancier, consultez notre fiche. Mes √©ch√©anciers.","Nouvelle mention ""EI"" a indiquer sur tous vos documents",hors auto-entrepreneurs Derni√®re mise √† jour effectu√©e le 19 mai,,,text,TRUE,FALSE,FALSE,FALSE,FALSE,TRUE,,,pagefound,2025-02-21 02:47:29,2025-11-13 13:50:44,,,1
121,"If you are a solo professional, you will want to get as much exposure for your business as possible without a huge marketing blitz and without having to hire any employees. The small business network can provide just that. If you are looking for must customers and a greater safety net with less risk, then read on to find out more. ‚Äì webdirectoryofworld.site",https://webdirectoryofworld.site/if-you-are-a-solo-professional-you-will-want-to-get-as-much-exposure-for-your-business-as-possible-without-a-huge-marketing-blitz-and-without-having-to-hire-any-employees-the-small-business-network/,en,wordpress,200,36,0,0,0,2727,3411,0,0,https://lamicrobyflo.fr/,,lamicrobyflo,,,,text,TRUE,FALSE,FALSE,FALSE,FALSE,TRUE,,,linkfound,2025-10-16 02:21:36,2025-10-22 20:08:02,,,2
122,R√©formes de l'assurance ch√¥mage : ce qui change au 1er avril 2025,https://www.assuranceprofessionnellecomparatif.fr/modification-des-dispositifs-dassurance-chomage-arce-et-are-a-partir-du-1er-avril-2025/,fr,wordpress,200,1.5,0,57,0,6,6,0,0,https://lamicrobyflo.fr/changements-assurance-chomage-1er-avril-2025/,"ressources utiles en suivant ces liens : Service Public ,",La Micro by Flo,", Assurance Professionnelle Comparatif . Ces informations peuvent vous aider",,,text,TRUE,FALSE,FALSE,FALSE,FALSE,TRUE,,,pagefound,2025-07-20 10:58:20,2025-12-01 04:10:05,,,1
123,üööüí∞ Guide Pratique : Comment Facturer Vos Frais de Transport ?,https://www.mestransporteurs.fr/comment-facturer-les-frais-de-transport/,fr,wordpress,200,18,0,0,0,7,8,0,0,https://lamicrobyflo.fr/frais-deplacement-micro-entreprise/?srsltid=AfmBOoojO4AlaGnAciVN6AzJR7JhMQlADpPsuUd7yDBC6KsIf3x587Ak,optimisation en visitant des sites comme Mes Transporteurs ou encore,La Microby Flo,", qui offrent des guides utiles pour naviguer dans le",,,text,TRUE,FALSE,FALSE,FALSE,FALSE,TRUE,,,pagefound,2025-07-01 16:01:10,2025-10-29 12:19:12,,Julien Dubois,1
124,"In The Age Of Digital Transformation, Drive Your Website‚Äôs Success With Intelligent, Results-Oriented Content Marketing Strategies That Leverage The Latest Technologies To Accelerate Growth And Enhance Audience Engagement",https://webs.businessvocal.com/18/WLNyOeDshY,en,,200,4.9,0,0,0,9868,10000,0,0,https://lamicrobyflo.fr/,,visit lamicrobyflo.fr for latest info,,,,text,FALSE,TRUE,FALSE,FALSE,FALSE,TRUE,,,linkfound,2025-08-29 12:18:27,2025-10-14 12:21:41,,,1
125,nmedicine.net ‚Äì topmillion.site,https://topmillion.site/nmedicine-net/,en,wordpress,200,36,0,0,0,3871,5285,0,0,https://lamicrobyflo.fr/,,lamicrobyflo.fr,,,,text,FALSE,FALSE,FALSE,FALSE,FALSE,TRUE,,,linkfound,2025-10-16 18:11:30,2025-10-16 18:11:30,,,2
126,LA MICRO BY FLO ¬∑ Events Calendar,https://lu.ma/lamicrobyflo,"fr, en",,200,90,0,2383,0,5,5,0,0,https://lamicrobyflo.fr/,,,,,,text,FALSE,TRUE,FALSE,FALSE,FALSE,TRUE,,,pagefound,2025-03-18 14:20:46,2025-08-09 19:46:39,,,1
127,üîç Comprendre la Cotisation Fonci√®re des Entreprises : Montants et Exon√©rations √† Savoir ! üíº,https://www.assuranceresponsabilitecivileprofessionnelle.fr/2025/01/10/cotisation-fonciere-des-entreprises-montants-exonerations-et-details-essentiels/,,wordpress,200,1.5,0,1,0,11,14,0,0,https://lamicrobyflo.fr/la-cotisation-fonciere-des-entreprises-cfe/,"individuels. Pour plus d‚Äôinformations d√©taill√©es, visitez ce guide utile sur",les obligations fiscales des micro-entreprises,.,,,text,TRUE,FALSE,FALSE,FALSE,FALSE,TRUE,,,pagefound,2025-01-21 12:37:47,2025-11-10 12:24:54,,,1
128,NEW HIGH DA AND DR WEBSITES-66 | Top To High,https://toptohigh.com/new-high-da-and-dr-websites-66/,en,wordpress,200,57,0,0,1,3760,4442,0,0,https://lamicrobyflo.fr/,,lamicrobyflo.fr,,,,text,FALSE,FALSE,FALSE,FALSE,FALSE,TRUE,,,pagefound,2024-06-08 15:54:01,2025-11-26 20:54:21,,,1
129,nmedicine.net ‚Äì worldwidetopwebsite.site,https://worldwidetopwebsite.site/nmedicine-net/,en,wordpress,200,36,0,0,0,3873,5296,0,0,https://lamicrobyflo.fr/,,lamicrobyflo.fr,,,,text,FALSE,FALSE,FALSE,FALSE,FALSE,TRUE,,,linkfound,2025-10-14 01:47:16,2025-10-22 22:32:28,,,2
130,litesoftware.com | few of top websites | page no. 171,http://www.litesoftware.com/domain-list-171,en,,200,4.7,0,0,0,1063,2120,0,0,http://lamicrobyflo.fr/,,lamicrobyflo.fr,,,,text,FALSE,TRUE,FALSE,FALSE,FALSE,TRUE,,,linkrestored,2025-04-11 17:46:43,2025-10-23 22:19:57,,,4
131,restsuite.com | few of top websites | page no. 171,https://www.restsuite.com/domain-list-171,en,,200,4.6,0,0,0,1055,2043,0,0,http://lamicrobyflo.fr/,,lamicrobyflo.fr,,,,text,FALSE,TRUE,FALSE,FALSE,FALSE,TRUE,,,pagefound,2025-04-05 22:09:46,2025-08-10 02:50:03,,,2
132,hansika.co.in | few of top websites | page no. 171,https://www.hansika.co.in/domain-list-171,en,,200,6,0,4,0,998,1411,0,0,https://lamicrobyflo.fr/,,lamicrobyflo.fr,,http://lamicrobyflo.fr/,301,text,FALSE,TRUE,FALSE,FALSE,FALSE,TRUE,,,linkrestored,2024-01-16 15:18:23,2025-11-19 21:46:10,,,2
133,brightthemes.com | Premium Ghost Themes | Bright Themes,https://www.example3.com/domain/brightthemes.com,en,,200,75,0,3,0,412,494,0,0,https://lamicrobyflo.fr/,lamicrobyflo.fr,,LA MICRO BY FLO - Portail d'informations sur la micro-entreprise,,,text,TRUE,TRUE,FALSE,FALSE,FALSE,TRUE,,,linkrestored,2024-01-27 06:15:20,2025-11-10 23:18:52,,,1
134,"SEO Balap - Backlink sales, mass linking, SEO services - seo-balap-kacaomicron.online",http://seo-balap-kacaomicron.online/france/france-25,en,,200,9,0,0,0,2649,4183,0,0,https://lamicrobyflo.fr/declarer-revenus-onlyfans-mym/,,"TELEGRAM @SEOBALAP - SEO BACKLINKS, BLACK-LINKS, TRAFFIC BOOST, LINK INDEXING",,,,text,FALSE,TRUE,FALSE,FALSE,FALSE,TRUE,,,linkfound,2025-06-11 01:42:10,2025-06-11 01:42:10,,,1
135,revenu fiscal de r√©f√©rence 2020 bar√®me,https://de.yms-pcb.com/wp-content/uploads/2byk5r8y/article.php?page=revenu-fiscal-de-r%C3%A9f%C3%A9rence-2020-bar%C3%A8me,,,200,1.9,0,0,0,16,22,0,0,https://www.lamicrobyflo.fr/le-versement-liberatoire-de-limpot-sur-le-revenu/,"la Couverture maladie universelle ( CMU ), et certaines .",Le versement lib√©ratoire de l'imp√¥t sur le revenu - La micro by Flo,Imp√¥t sur le revenu 2022 : √† quand la prochaine,,,text,TRUE,FALSE,FALSE,FALSE,FALSE,TRUE,,,pagefound,2025-01-28 06:42:53,2025-09-20 19:18:36,,,2
136,officialwebsites.in | few of top websites | page no. 171,https://www.officialwebsites.in/domain-list-171,en,,200,9,0,1,0,1059,2054,0,0,https://lamicrobyflo.fr/,,lamicrobyflo.fr,,http://lamicrobyflo.fr/,301,text,FALSE,TRUE,FALSE,FALSE,FALSE,TRUE,,,pagefound,2024-08-18 17:21:33,2025-09-18 13:42:23,,,2
137,üíº Cipav & Auto-Entrepreneurs : Guide Essentiel pour une Retraite Sereine üèñÔ∏è,https://www.assuranceautoentrepreneur.re/assurance-prevoyance-pour-auto-entrepreneur/cipav-et-auto-entrepreneur-ce-quil-faut-savoir-pour-bien-gerer-sa-retraite-9186,fr,wordpress,200,0.9,0,0,1,7,8,0,0,https://lamicrobyflo.fr/valider-4-trimestres-retraite-micro-entreprise/,"2024, il est n√©cessaire de r√©aliser un chiffre d‚Äôaffaires de",2 571 ‚Ç¨,par trimestre pour valider jusqu‚Äô√†4 trimestrespar an. Ces seuils sont,,,text,TRUE,FALSE,FALSE,FALSE,TRUE,TRUE,,,pagefound,2024-11-15 03:25:27,2025-11-10 20:41:29,,,2
138,sushila.co.in | few of top websites | page no. 171,https://www.sushila.co.in/domain-list-171,en,,200,9,0,70,0,1038,2051,0,0,http://lamicrobyflo.fr/,,lamicrobyflo.fr,,,,text,FALSE,TRUE,FALSE,FALSE,FALSE,TRUE,,,pagefound,2025-03-19 10:09:06,2025-10-11 09:19:09,,,2
139,2096 ‚Äì Resonance Research Lab,https://resonancelabjo.com/?p=92608,en,"ecommerce, wordpress",200,3.7,0,0,0,515,574,0,0,https://lamicrobyflo.fr/,"DOFOLLOW ARTICLE LINKS ONLY FOR $0,25",OUR TELEGRAM CHANEL https://t.me/s/quarterlinks25,"WE DON‚ÄôT TAKE PREPAYMENTS, LINKS ARE 100% SAFE",,,text,TRUE,TRUE,FALSE,FALSE,FALSE,TRUE,,,pagefound,2025-10-07 11:18:47,2025-10-24 11:16:47,,,1
140,"Rank on Page One, Faster ‚Äî Contextual Dofollow Links Google Values (Update-Safe, DR/DA/TF Up) ‚Äì seoagency",https://seoagency.sale/ye9wzw-rank-on-page-1-with-seo-and-backlinks/,en,wordpress,200,77,0,0,29,8293,9626,0,0,https://lamicrobyflo.fr/,,lamicrobyflo.fr ‚Äî safe links: unique domains only ‚Äî view plans. | Visit Buyseolink.com for any Query,,,,text,FALSE,TRUE,FALSE,FALSE,TRUE,TRUE,,,linkfound,2025-10-20 23:57:00,2025-10-20 23:57:00,,,1
141,summary.co.in | few of top websites | page no. 171,https://www.summary.co.in/domain-list-171,en,,200,9,0,0,0,1067,2106,0,0,https://lamicrobyflo.fr/,,lamicrobyflo.fr,,http://lamicrobyflo.fr/,301,text,FALSE,TRUE,FALSE,FALSE,FALSE,TRUE,,,pagefound,2025-01-06 06:47:39,2025-10-12 01:21:09,,,2
142,How to Use Advanced Marketing Analytics Without Being Overwhelmed | 99 Best Site,https://99bestsite.com/how-to-use-advanced-marketing-analytics-without-being-overwhelmed/,en,wordpress,200,28,0,0,29,3451,4123,0,0,https://lamicrobyflo.fr/,,lamicrobyflo,,,,text,FALSE,FALSE,FALSE,FALSE,FALSE,TRUE,,,pagefound,2024-12-31 17:59:25,2025-12-01 17:36:26,,,1
143,engines.pro | few of top websites | page no. 171,http://www.engines.pro/domain-list-171,en,,200,4.8,0,0,0,1064,2119,0,0,https://lamicrobyflo.fr/,,lamicrobyflo.fr,,http://lamicrobyflo.fr/,301,text,FALSE,TRUE,FALSE,FALSE,FALSE,TRUE,,,linkrestored,2025-04-09 19:34:48,2025-10-20 04:47:26,,,4
144,july.co.in | few of top websites | page no. 171,https://www.july.co.in/domain-list-171,en,,200,6,0,0,1,1024,1440,0,0,https://lamicrobyflo.fr/,,lamicrobyflo.fr,,http://lamicrobyflo.fr/,301,text,FALSE,TRUE,FALSE,FALSE,TRUE,TRUE,,,linkrestored,2024-01-07 02:18:15,2025-11-08 14:24:35,,,2
145,Consultation avec Maxime : revoir les bases pour g√©rer sa micro-entreprise - Aur√©lie INION,https://aurelie-inion.fr/consultation-avec-maxime-revoir-les-bases-pour-gerer-sa-micro-entreprise/,fr,"ecommerce, wordpress",200,1.2,0,0,0,8,8,0,0,https://lamicrobyflo.fr/mentions-legales-factures/,lire cet article de La Micro by Flo : lien (,Les mentions l√©gales √† appliquer sur les factures ‚Äì LA MICRO BY FLO,).,,,text,FALSE,FALSE,FALSE,FALSE,FALSE,TRUE,,,pagefound,2025-02-25 21:17:55,2025-11-26 16:02:47,,,1
146,backlinks.cyou | few of top websites | page no. 171,https://www.backlinks.cyou/domain-list-171,en,,200,8,0,0,0,1022,1452,0,0,http://lamicrobyflo.fr/,,lamicrobyflo.fr,,,,text,FALSE,TRUE,FALSE,FALSE,FALSE,TRUE,,,linkfound,2025-09-29 18:05:34,2025-11-13 22:51:49,,,2
147,lagnalu.com | few of top websites | page no. 171,http://www.lagnalu.com/domain-list-171,en,,200,0.1,0,0,0,1062,2116,0,0,http://lamicrobyflo.fr/,,lamicrobyflo.fr,,,,text,FALSE,TRUE,FALSE,FALSE,FALSE,TRUE,,,linkrestored,2025-04-09 05:26:55,2025-10-24 14:25:35,,,2
148,ketaki.co.in | few of top websites | page no. 171,https://www.ketaki.co.in/domain-list-171,en,,200,6,0,0,0,1039,2054,0,0,https://lamicrobyflo.fr/,,lamicrobyflo.fr,,http://lamicrobyflo.fr/,301,text,FALSE,TRUE,FALSE,FALSE,FALSE,TRUE,,,linkrestored,2024-02-09 09:39:28,2025-10-25 03:53:58,,,2
149,nmedicine.net ‚Äì topmarketingweb.site,https://topmarketingweb.site/nmedicine-net/,en,wordpress,200,36,0,0,0,3873,5284,0,0,https://lamicrobyflo.fr/,,lamicrobyflo.fr,,,,text,FALSE,FALSE,FALSE,FALSE,FALSE,TRUE,,,linkfound,2025-10-21 13:36:07,2025-10-21 13:36:07,,,2
150,listrecord.com | few of top websites | page no. 171,http://www.listrecord.com/domain-list-171,en,,200,4.6,0,0,0,1064,2118,0,0,http://lamicrobyflo.fr/,,lamicrobyflo.fr,,,,text,FALSE,TRUE,FALSE,FALSE,FALSE,TRUE,,,pagefound,2025-04-08 19:01:13,2025-10-21 20:04:06,,,4
151,Auto-entrepreneur et ch√¥mage : Comment cumuler les deux pour optimiser votre retour √† l'emploi ? - Genspark,https://www.genspark.ai/spark/auto-entrepreneur-et-ch%C3%B4mage-comment-cumuler-les-deux-pour-optimiser-votre-retour-%C3%A0-l-emploi/bd4c61e1-4152-4f56-a800-0664e21da41d,"fr, en",,200,74,0,194841,0,8,16,0,0,https://lamicrobyflo.fr/chomage-et-micro-entreprise/,"2025, tu pourras cumuler jusqu'√† √©puiser 60% de tes droits",5,", ce qui implique de maximiser cette p√©riode privil√©gi√©e pour",,,text,TRUE,FALSE,FALSE,FALSE,FALSE,TRUE,,,pagefound,2025-10-08 14:46:08,2025-11-15 04:51:56,,,2
152,"Comment bien g√©rer les donn√©es personnelles peut contribuer au d√©veloppement du chiffre d‚Äôaffaires de votre entreprise ? ‚Äì S√©minaires ecommerce, date et agenda ateliers Google et Cibleweb",https://www.seminaires-ecommerce.com/2023/05/12/comment-bien-gerer-les-donnees-personnelles-peut-contribuer-au-developpement-du-chiffre-daffaires-de-votre-entreprise/,fr,wordpress,200,6,0,0,0,17,32,0,0,https://www.lamicrobyflo.fr/politique-confidentialite/,Jetez un ≈ìil √† la,politique de confidentialit√©,mise en place par cet entrepreneur. Il a choisi de,,,text,TRUE,FALSE,FALSE,FALSE,FALSE,TRUE,,,pagefound,2023-05-12 16:58:20,2025-11-20 08:12:35,,,1
153,ÂçäÁÜüÂ∞ëÂ•≥Girls Generation(2016)-Êé∑Âú∞ÊúâÂ£∞,https://imr.dmcwhtuk.xyz/0lKG14c699979/38,,,200,0,0,0,0,214,255,0,0,https://lamicrobyflo.fr/le-versement-liberatoire-de-limpot-sur-le-revenu/,"Black Hat SEO, Google SEO fast ranking ‚Üë‚Üë‚Üë Telegram: @seo7878","zzuEG‚Üë‚Üë‚ÜëBlack Hat SEO backlinks, focusing on Black Hat SEO, Google SEO fast ranking ‚Üë‚Üë‚Üë Telegram: @seo7878","kNiNq‚Üë‚Üë‚ÜëBlack Hat SEO backlinks, focusing on Black Hat SEO, Google",,,text,FALSE,FALSE,FALSE,FALSE,FALSE,TRUE,,,linkfound,2025-07-01 12:45:29,2025-07-01 12:45:29,,,1
154,"Extrait D Immatriculation Chambre Des Metiers, Save Money UP to 68% OFF",https://maccawedding.com/?m=24959562,en,,200,0,0,0,0,9,9,0,0,https://www.lamicrobyflo.fr/content/images/2022/03/avis_situation_INSEE1.jpg,,Extrait D Immatriculation Chambre Des Metiers,,,,image,FALSE,FALSE,FALSE,FALSE,FALSE,TRUE,,,linkfound,2025-08-24 14:52:04,2025-11-17 09:50:31,,,1
155,exampledirectory.com | few of top websites | page no. 171,https://www.exampledirectory.com/domain-list-171,en,,200,7,0,0,0,1055,2039,0,0,https://lamicrobyflo.fr/,,lamicrobyflo.fr,,http://lamicrobyflo.fr/,301,text,FALSE,TRUE,FALSE,FALSE,FALSE,TRUE,,,linkrestored,2025-04-14 19:01:37,2025-08-01 05:04:23,,,4
156,nmedicine.net ‚Äì worldwidetopweb.site,https://worldwidetopweb.site/nmedicine-net/,en,wordpress,200,36,0,0,0,3871,5281,0,0,https://lamicrobyflo.fr/,,lamicrobyflo.fr,,,,text,FALSE,FALSE,FALSE,FALSE,FALSE,TRUE,,,linkfound,2025-10-13 08:28:12,2025-10-19 23:48:21,,,2
157,topglobalbusinesses.com | few of top websites | page no. 171,http://www.topglobalbusinesses.com/domain-list-171,en,,200,0,0,0,0,1063,2130,0,0,https://lamicrobyflo.fr/,,lamicrobyflo.fr,,http://lamicrobyflo.fr/,301,text,FALSE,TRUE,FALSE,FALSE,FALSE,TRUE,,,linkrestored,2025-05-18 11:30:12,2025-11-02 23:30:31,,,2
158,"If you are a solo professional, you will want to get as much exposure for your business as possible without a huge marketing blitz and without having to hire any employees. The small business network can provide just that. If you are looking for must customers and a greater safety net with less risk, then read on to find out more. ‚Äì howtorankfast.site",https://howtorankfast.site/if-you-are-a-solo-professional-you-will-want-to-get-as-much-exposure-for-your-business-as-possible-without-a-huge-marketing-blitz-and-without-having-to-hire-any-employees-the-small-business-network/,en,wordpress,200,36,0,0,0,2726,3408,0,0,https://lamicrobyflo.fr/,,lamicrobyflo,,,,text,TRUE,FALSE,FALSE,FALSE,FALSE,TRUE,,,linkfound,2025-10-15 03:57:58,2025-10-21 21:36:12,,,2
159,Ch√®que num√©rique pour toutes les micro-entreprises,https://webmay.fr/cheque-numerique-auto-micro-entreprises/,fr,wordpress,200,12,0,0,0,6,6,0,0,https://www.lamicrobyflo.fr/chatbot-cheque-numerique,,V√©rifie si tu peux utiliser le ch√®que num√©rique,,,,text,FALSE,FALSE,FALSE,FALSE,FALSE,TRUE,,,linkrestored,2024-09-07 01:18:38,2025-11-28 13:47:08,,,1
160,Retards de Paiement BTP 2025 : 4 Scripts de Relance Automatis√©e pour S√©curiser votre Tr√©sorerie | ProcessPilot,https://processpilot.fr/articles/retards-paiement-btp-4-scripts-relance-automatisee/,fr,,200,0,0,0,0,20,21,0,0,https://lamicrobyflo.fr/les-penalites-de-retard/,,LaMicroByFlo - Les p√©nalit√©s de retard 2025,,,,text,FALSE,FALSE,FALSE,FALSE,FALSE,TRUE,,,pagefound,2025-10-03 19:09:06,2025-11-24 13:29:26,,,1
161,directory4websites.com | few of top websites | page no. 171,http://www.directory4websites.com/domain-list-171,en,,200,4.8,0,0,0,1058,3041,0,0,https://lamicrobyflo.fr/,,lamicrobyflo.fr,,http://lamicrobyflo.fr/,301,text,FALSE,TRUE,FALSE,FALSE,FALSE,TRUE,,,pagefound,2025-04-29 09:16:52,2025-09-03 07:57:19,,,4
162,w3bdirectory.com | few of top websites | page no. 171,http://www.webworthchecker.kitchen/domain-list-171,en,,200,0.1,0,0,0,1049,2033,0,0,https://lamicrobyflo.fr/,,lamicrobyflo.fr,,http://lamicrobyflo.fr/,301,text,FALSE,TRUE,FALSE,FALSE,FALSE,TRUE,,,linkfound,2025-06-03 17:33:17,2025-06-03 17:33:17,,,2
163,Comment se vendre en tant que freelance : 5 conseils - [Vitrine] Digi Atlas,https://www.digi-atlas.com/comment-se-vendre-en-tant-que-freelance-5-conseils/,fr,wordpress,200,40,0,304,0,11,13,0,0,https://lamicrobyflo.fr/,,LA MICRO BY FLO,,,,text,FALSE,FALSE,FALSE,FALSE,FALSE,TRUE,,,pagefound,2024-04-19 16:55:46,2025-12-02 00:11:59,,Fella Fekhar,1
164,"LA MICRO BY FLO Podcast - Rankings, Reviews - Podstatus",https://podstatus.com/podcasts/la-micro-by-flo-81894,en,,200,30,0,4020,0,7,8,0,0,https://lamicrobyflo.fr/,,https://lamicrobyflo.fr/,,,,text,FALSE,FALSE,FALSE,FALSE,FALSE,TRUE,,,pagefound,2025-05-10 17:38:34,2025-10-09 18:23:29,,,1
165,savetheweb.org | few of top websites | page no. 171,http://www.savetheweb.org/domain-list-171,en,,200,13,0,0,0,1019,1452,0,0,https://lamicrobyflo.fr/,,lamicrobyflo.fr,,http://lamicrobyflo.fr/,301,text,FALSE,TRUE,FALSE,FALSE,FALSE,TRUE,,,linkrestored,2025-04-05 14:06:43,2025-12-02 14:48:53,,,2
166,Custom Banners to Market Your Business Brand And Advertise Your Products And Services | Microlink Site,https://microlinksite.com/custom-banners-to-market-your-business-brand-and-advertise-your-products-and-services/,en,wordpress,200,52,0,0,17,1764,2073,0,0,https://lamicrobyflo.fr/,,lamicrobyflo.fr,,,,text,TRUE,FALSE,FALSE,FALSE,TRUE,TRUE,,,pagefound,2024-03-07 07:31:55,2025-12-01 08:45:12,,,2
167,nmedicine.net ‚Äì 99-best.site,https://99-best.site/nmedicine-net/,en,wordpress,200,36,0,0,0,3877,5300,0,0,https://lamicrobyflo.fr/,,lamicrobyflo.fr,,,,text,FALSE,FALSE,FALSE,FALSE,FALSE,TRUE,,,linkfound,2025-10-15 16:30:25,2025-10-22 17:24:35,,,2
168,all.ind.in | few of top websites | page no. 171,https://www.all.ind.in/domain-list-171,en,,200,4.8,0,12,0,1019,1450,0,0,https://lamicrobyflo.fr/,,lamicrobyflo.fr,,http://lamicrobyflo.fr/,301,text,FALSE,TRUE,FALSE,FALSE,FALSE,TRUE,,,pagefound,2025-04-06 17:32:12,2025-11-24 09:53:44,,,4
169,La mention EI sur les documents,https://servicesalapersonne.1fr1.net/t338-la-mention-ei-sur-les-documents,fr,message-boards,200,63,0,4417,0,6,18,0,0,https://lamicrobyflo.fr/nouvelle-mention-ei-a-indiquer-sur-tes-documents/,,https://www.lamicrobyflo.fr/nouvelle-mention-ei-documents/,,https://www.lamicrobyflo.fr/nouvelle-mention-ei-documents/,301,text,FALSE,TRUE,FALSE,FALSE,FALSE,TRUE,,,pagefound,2025-03-11 09:05:27,2025-10-23 14:13:05,,,4
170,Mental Health Tips: A Guide to Emotional Well-Being ‚Äì skylinkseo.site,https://skylinkseo.site/mental-health-tips-a-guide-to-emotional-well-being/,en,wordpress,200,36,0,0,0,2591,2960,0,0,https://lamicrobyflo.fr/,joures.fr ladoucisseur-eau.fr,lamicrobyflo.fr,laplaza.fr leblogweb.fr,,,text,FALSE,TRUE,FALSE,FALSE,FALSE,TRUE,,,pagefound,2025-12-02 11:36:11,2025-12-02 11:36:11,,,1
171,nmedicine.net ‚Äì allbusinessweb.site,https://allbusinessweb.site/2025/10/01/nmedicine-net/,en,wordpress,200,36,0,0,0,3875,5293,0,0,https://lamicrobyflo.fr/,,lamicrobyflo.fr,,,,text,FALSE,FALSE,FALSE,FALSE,FALSE,TRUE,,,linkfound,2025-10-15 05:06:53,2025-10-21 22:00:27,,,2
172,"If you are a solo professional, you will want to get as much exposure for your business as possible without a huge marketing blitz and without having to hire any employees. The small business network can provide just that. If you are looking for must customers and a greater safety net with less risk, then read on to find out more. ‚Äì raresitedirectory.site",https://raresitedirectory.site/if-you-are-a-solo-professional-you-will-want-to-get-as-much-exposure-for-your-business-as-possible-without-a-huge-marketing-blitz-and-without-having-to-hire-any-employees-the-small-business-network/,en,wordpress,200,36,0,0,0,2724,3406,0,0,https://lamicrobyflo.fr/,,lamicrobyflo,,,,text,TRUE,FALSE,FALSE,FALSE,FALSE,TRUE,,,linkfound,2025-10-22 20:17:49,2025-10-22 20:17:49,,,2
173,caf erreur d√©claration ressources,https://read-gantz.com/y2ff5hw/caf-erreur-d%C3%A9claration-ressources,fr,wordpress,200,19,0,65,0,10,12,0,0,https://lamicrobyflo.fr/tutos/lactualisation-a-la-caf-en-micro-entreprise/,de vous rembourser au-del√† des deux derni√®res ann√©es. Les .,L'actualisation √† la CAF en micro-entreprise,Il arrive aussi fr√©quemment que les allocataires fassent des erreurs,https://www.lamicrobyflo.fr/lactualisation-a-la-caf-en-micro-entreprise/,301,text,TRUE,FALSE,FALSE,FALSE,FALSE,TRUE,,,linkfound,2025-05-17 16:31:37,2025-07-21 13:10:42,,,1
174,Lamicrobyflo.fr - reviews about sites and companies - Sites-Reviews,https://sites-reviews.com/en/lamicrobyflo.fr,en,,200,46,0,43,0,1,2,0,0,http://lamicrobyflo.fr/,,Lamicrobyflo.fr,,,,text,FALSE,FALSE,FALSE,FALSE,FALSE,TRUE,,,pagefound,2025-03-10 16:04:50,2025-10-07 10:21:42,,,4
175,Auto-entrepreneurs et Ch√¥mage : Guide Pratique pour Maximiser Vos Droits ! üöÄüíº,https://www.perulanguage.com/auto-entrepreneur-et-cotisation-chomage-tout-ce-quil-faut-savoir/,fr,wordpress,200,4.4,0,0,0,7,9,0,0,https://lamicrobyflo.fr/comment-cumuler-100-du-chomage-avec-ta-micro-entreprise/,,Cumul ch√¥mage et micro-entreprise,,,,text,FALSE,FALSE,FALSE,FALSE,FALSE,TRUE,,,pagefound,2024-11-21 23:26:04,2025-11-28 23:44:05,,,3
176,cricketlive.co.in | few of top websites | page no. 171,https://www.cricketlive.co.in/domain-list-171,en,,200,5,0,0,0,1039,2055,0,0,https://lamicrobyflo.fr/,,lamicrobyflo.fr,,http://lamicrobyflo.fr/,301,text,FALSE,TRUE,FALSE,FALSE,FALSE,TRUE,,,pagefound,2024-10-12 19:30:08,2025-10-13 22:25:53,,,2
177,innovatingtechnology.com | few of top websites | page no. 171,https://www.innovatingtechnology.com/domain-list-171,en,,200,0.1,0,0,0,1065,2126,0,0,https://lamicrobyflo.fr/,,lamicrobyflo.fr,,http://lamicrobyflo.fr/,301,text,FALSE,TRUE,FALSE,FALSE,FALSE,TRUE,,,linkrestored,2025-04-09 05:47:50,2025-10-14 01:33:08,,,4
178,websitesreports.com | few of top websites | page no. 171,https://www.websitesreports.com/domain-list-171,en,,200,4.6,0,0,0,1040,2048,0,0,https://lamicrobyflo.fr/,,lamicrobyflo.fr,,http://lamicrobyflo.fr/,301,text,FALSE,TRUE,FALSE,FALSE,FALSE,TRUE,,,pagefound,2025-04-14 06:04:04,2025-10-20 23:32:20,,,2
179,yourwebdirectory.com | few of top websites | page no. 171,http://www.yourwebdirectory.com/domain-list-171,en,,200,3.4,0,0,0,1064,2118,0,0,http://lamicrobyflo.fr/,,lamicrobyflo.fr,,,,text,FALSE,TRUE,FALSE,FALSE,FALSE,TRUE,,,linkrestored,2025-05-18 00:51:20,2025-10-20 14:27:48,,,4
180,Devenir freelance : 5 conseils avant de vous lancer ! - Annabel Tonnoir | R√©dactrice web freelance,https://annabeltonnoir.fr/5-conseils-pour-devenir-freelance/,fr,wordpress,200,0,0,1,0,9,15,0,0,https://www.lamicrobyflo.fr/les-etapes-pour-creer-ta-micro-entreprise/,"vous lancer tr√®s bient√¥t, je vous conseille l‚Äôarticle : ¬´","Les √©tapes pour cr√©er ta micro-entreprise¬´ ,",qui r√©sume parfaitement chaque √©tape √† suivre.,,,text,TRUE,FALSE,FALSE,FALSE,FALSE,TRUE,,,pagefound,2025-02-25 16:56:16,2025-11-15 07:57:49,,Annabel Tonnoir,4
181,Comment d√©clarer tes revenus YouTube √† l‚ÄôURSSAF en 2025-2026?,https://comptacool.fr/comment-declarer-tes-revenus-youtube-a-lurssaf-en-2025-2026/,fr,"ecommerce, wordpress",200,5,0,39,0,6,6,0,0,https://lamicrobyflo.fr/declarer-revenus-youtube/,"Commerciaux), car YouTube r√©mun√®re pour des prestations de services commerciales.",,‚Äã,,,text,TRUE,FALSE,FALSE,FALSE,FALSE,TRUE,,,pagefound,2025-10-23 17:23:21,2025-12-02 08:37:33,,,1
182,addlinkwebsite.com | few of top websites | page no. 171,https://www.holidayrep.com/domain-list-171,en,,200,0,0,0,0,1041,2054,0,0,https://lamicrobyflo.fr/,,lamicrobyflo.fr,,http://lamicrobyflo.fr/,301,text,FALSE,TRUE,FALSE,FALSE,FALSE,TRUE,,,pagefound,2025-08-04 14:34:53,2025-10-28 18:33:18,,,2
183,everythingonline.in | few of top websites | page no. 171,http://www.everythingonline.in/domain-list-171,en,,200,4.8,0,0,0,1018,1448,0,0,https://lamicrobyflo.fr/,,lamicrobyflo.fr,,http://lamicrobyflo.fr/,301,text,FALSE,TRUE,FALSE,FALSE,FALSE,TRUE,,,linkrestored,2025-04-19 11:50:52,2025-11-14 06:44:50,,,4
184,Fonctions Entrepreneuriales,https://estheticienneadomicile.net/fonctions-entrepreneuriales/page/15/,fr,"ecommerce, wordpress",200,7,0,0,0,14,18,0,0,https://lamicrobyflo.fr/,Un entrepreneur √† suivre:,La Micro by Flo,,https://www.lamicrobyflo.fr/,301,text,FALSE,FALSE,FALSE,FALSE,FALSE,TRUE,,,linkrestored,2025-01-18 14:40:59,2025-07-01 11:01:47,,,2
185,nmedicine.net ‚Äì microlinkofworld.site,https://microlinkofworld.site/nmedicine-net/,en,wordpress,200,36,0,0,0,3871,5293,0,0,https://lamicrobyflo.fr/,,lamicrobyflo.fr,,,,text,FALSE,FALSE,FALSE,FALSE,FALSE,TRUE,,,linkfound,2025-10-14 06:26:46,2025-10-23 01:53:06,,,2
186,shubhangi.co.in | few of top websites | page no. 171,https://www.shubhangi.co.in/domain-list-171,en,,200,5,0,0,0,1021,1423,0,0,http://lamicrobyflo.fr/,,lamicrobyflo.fr,,,,text,FALSE,TRUE,FALSE,FALSE,FALSE,TRUE,,,pagefound,2025-05-09 23:09:23,2025-12-01 13:42:27,,,2
187,Micro-entrepreneur : √©tape par √©tape pour d√©clarer ses imp√¥ts,https://lekitweb.fr/micro-entrepreneur-etape-par-etape-pour-declarer-ses-impots/,fr,wordpress,200,0.2,0,0,0,4,4,0,0,https://lamicrobyflo.fr/remplir-declaration-impots-micro-entreprise/,des tutoriels fiables comme ceux disponibles ici : mon-autoentreprise.fr ou,lamicrobyflo.fr,est un bon r√©flexe.,,,text,TRUE,FALSE,FALSE,FALSE,FALSE,TRUE,,,pagefound,2025-07-10 14:10:35,2025-10-16 13:51:08,,,1
188,Changements pour les micro-entrepreneurs : o√π en est-on ?,https://www.journal-economique.fr/evolutions-de-la-micro-entreprise-qui-veut-la-peau-des-micro-entrepreneurs,fr,,200,21,0,3915,0,7,7,0,0,https://lamicrobyflo.fr/reforme-seuil-tva-25-000/,"En effet, l‚Äôarticle 10 pr√©voit l‚Äô",abaissement du seuil de TVA √† 25 000‚Ç¨,"pour le seuil classique et27 500‚Ç¨ pour le seuil major√©,",,,text,TRUE,FALSE,FALSE,FALSE,FALSE,TRUE,,,linkfound,2025-08-16 12:21:33,2025-10-14 17:05:39,,Rimbod Aurore,1
189,bestmillion.net | few of top websites | page no. 171,https://www.entiredomains.space/domain-list-171,en,,200,0,0,0,0,1022,1445,0,0,http://lamicrobyflo.fr/,,lamicrobyflo.fr,,,,text,FALSE,TRUE,FALSE,FALSE,FALSE,TRUE,,,linkfound,2025-10-23 06:27:10,2025-12-02 05:50:00,,,2
190,region.co.in | few of top websites | page no. 171,https://www.region.co.in/domain-list-171,en,,200,14,0,0,0,1040,2050,0,0,https://lamicrobyflo.fr/,,lamicrobyflo.fr,,http://lamicrobyflo.fr/,301,text,FALSE,TRUE,FALSE,FALSE,FALSE,TRUE,,,pagefound,2025-07-05 04:45:59,2025-10-21 19:58:19,,,2
191,braid.in | few of top websites | page no. 171,http://www.braid.in/domain-list-171,en,,200,4.7,0,0,0,1055,2041,0,0,https://lamicrobyflo.fr/,,lamicrobyflo.fr,,http://lamicrobyflo.fr/,301,text,FALSE,TRUE,FALSE,FALSE,FALSE,TRUE,,,pagefound,2025-04-09 17:42:51,2025-07-28 15:17:55,,,2
192,"If you are a solo professional, you will want to get as much exposure for your business as possible without a huge marketing blitz and without having to hire any employees. The small business network can provide just that. If you are looking for must customers and a greater safety net with less risk, then read on to find out more. ‚Äì webranksofworld.site",https://webranksofworld.site/if-you-are-a-solo-professional-you-will-want-to-get-as-much-exposure-for-your-business-as-possible-without-a-huge-marketing-blitz-and-without-having-to-hire-any-employees-the-small-business-network/,en,wordpress,200,36,0,0,0,2728,3411,0,0,https://lamicrobyflo.fr/,,lamicrobyflo,,,,text,TRUE,FALSE,FALSE,FALSE,FALSE,TRUE,,,linkfound,2025-10-15 18:57:36,2025-10-22 22:09:04,,,2
193,nmedicine.net ‚Äì topbillion.site,https://topbillion.site/nmedicine-net/,,wordpress,200,36,0,0,0,3871,5286,0,0,https://lamicrobyflo.fr/,,lamicrobyflo.fr,,,,text,FALSE,FALSE,FALSE,FALSE,FALSE,TRUE,,,linkfound,2025-10-16 21:40:55,2025-10-16 21:40:55,,,2
194,"La note √©thique de byFlo selon Moralscore, plateforme RSE : environnement et social",https://moralscore.org/companies/byflo/,fr,,200,39,0,3503,1,12,14,0,0,https://lamicrobyflo.fr/,,Portail d'informations sur la micro-entrepriseLA MICRO BY FLO,,,,text,FALSE,FALSE,FALSE,FALSE,TRUE,TRUE,,,linkfound,2025-04-28 17:17:31,2025-07-15 20:45:15,,,2
195,NEW HIGH DA AND DR WEBSITES-66 | Webs Country,https://webscountry.com/new-high-da-and-dr-websites-66/,en,wordpress,200,59,0,0,1,3760,4440,0,0,https://lamicrobyflo.fr/,,lamicrobyflo.fr,,,,text,FALSE,FALSE,FALSE,FALSE,TRUE,TRUE,,,pagefound,2024-05-26 01:00:44,2025-11-25 04:32:24,,,1
196,x.nom.co | few of top websites | page no. 171,http://www.x.nom.co/domain-list-171,,,200,4.6,0,0,0,1055,2038,0,0,http://lamicrobyflo.fr/,,lamicrobyflo.fr,,,,text,FALSE,TRUE,FALSE,FALSE,FALSE,TRUE,,,pagefound,2025-04-10 19:29:53,2025-07-26 14:28:05,,,2
197,popcornbusiness.com | few of top websites | page no. 171,https://www.popcornbusiness.com/domain-list-171,en,,200,4.7,0,0,0,1049,2060,0,0,https://lamicrobyflo.fr/,,lamicrobyflo.fr,,http://lamicrobyflo.fr/,301,text,FALSE,TRUE,FALSE,FALSE,FALSE,TRUE,,,linkfound,2025-06-11 01:54:38,2025-06-11 01:54:38,,,2
198,one.net.in | few of top websites | page no. 171,https://www.one.net.in/domain-list-171,en,,200,6,0,90,0,1040,2049,0,0,http://lamicrobyflo.fr/,,lamicrobyflo.fr,,,,text,FALSE,TRUE,FALSE,FALSE,FALSE,TRUE,,,linkfound,2024-11-09 07:12:41,2025-10-23 03:48:35,,,2
199,p.13‚ÄØCotisation fonci√®re (CFE) pour les investisseurs immobiliers en LMP et LMNP‚Ä¶‚ÄØ|‚ÄØLes Investisseurs Heureux,https://www.investisseurs-heureux.fr/t7625-13,fr,,200,29,0,18653,0,4,6,0,0,https://www.lamicrobyflo.fr/taxe-cma-attention-a-la-double-imposition-a-la-cfe/,,https://www.lamicrobyflo.fr/taxe-cma-at ‚Ä¶ -a-la-cfe/,,,,text,FALSE,FALSE,TRUE,FALSE,FALSE,TRUE,,,pagefound,2025-03-19 15:46:29,2025-10-19 13:31:34,,,1
200,achievedomains.com | few of top websites | page no. 171,https://www.achievedomains.com/domain-list-171,en,,200,4.7,0,0,1,1039,2052,0,0,http://lamicrobyflo.fr/,,lamicrobyflo.fr,,,,text,FALSE,TRUE,FALSE,FALSE,TRUE,TRUE,,,pagefound,2025-03-14 08:43:03,2025-10-23 17:08:48,,,2
201,applyleads.com | few of top websites | page no. 171,https://www.applyleads.com/domain-list-171,en,,200,4,0,0,0,1059,2060,0,0,https://lamicrobyflo.fr/,,lamicrobyflo.fr,,http://lamicrobyflo.fr/,301,text,FALSE,TRUE,FALSE,FALSE,FALSE,TRUE,,,linkfound,2025-04-12 13:59:19,2025-09-04 10:34:18,,,2
202,LA MICRO BY FLO - Podcast Analytics & Insights - Podscan.fm,https://podscan.fm/podcasts/la-micro-by-flo,,,200,46,0,5236,0,9,25,0,0,https://lamicrobyflo.fr/tout-savoir-sur-lacre-en-micro-entreprise/,,Tout savoir sur l'ACRE en micro-entreprise,,,,text,FALSE,FALSE,FALSE,FALSE,FALSE,TRUE,,,pagefound,2025-07-10 09:23:30,2025-09-01 23:02:09,,Florian Charpentier,40
203,QuarterLinks- Dofollow Article Links just for 25 cents.,https://gaister.com/quarterlinks-dofollow-article-links-just-for-25-1220/,en,wordpress,200,11,0,3,0,508,531,0,0,https://lamicrobyflo.fr/,"DOFOLLOW ARTICLE LINKS ONLY FOR $0,25",OUR TELEGRAM CHANEL https://t.me/s/quarterlinks25,"WE DON‚ÄôT TAKE PREPAYMENTS, LINKS ARE 100% SAFE",,,text,TRUE,TRUE,FALSE,FALSE,FALSE,TRUE,,,pagefound,2025-09-28 01:21:52,2025-11-29 04:23:46,,,1
204,Comment cr√©er le QG de ton entreprise avec Notion,https://agencemadamebulle.com/qg-entreprise-notion/,fr,wordpress,200,1.2,0,0,0,7,8,0,0,https://lamicrobyflo.fr/tout-savoir-sur-la-facturation-en-micro-entreprise/,"comptabilit√© sur Notion, afin de rester dans les clous de",la facturation en microentreprise,". En revanche, j‚Äôai cr√©√© des liens vers mes fichiers",,,text,TRUE,FALSE,FALSE,FALSE,FALSE,TRUE,,,pagefound,2025-03-14 05:51:15,2025-12-01 00:24:37,,,2
205,"La note √©thique de byFlo selon Moralscore, plateforme RSE : environnement et social",https://deepscore.org/companies/byflo/,,,200,0,0,0,0,13,19,0,0,https://lamicrobyflo.fr/les-etapes-pour-creer-ta-micro-entreprise/,,Cr√©e ta micro-entreprise en 4 √©tapes et gratuitementLA MICRO BY FLO,,,,text,FALSE,FALSE,FALSE,FALSE,FALSE,TRUE,,,linkfound,2025-07-24 07:26:16,2025-10-02 01:37:33,,,2
206,surekha.co.in | few of top websites | page no. 171,https://www.surekha.co.in/domain-list-171,en,,200,8,0,0,0,1039,2057,0,0,http://lamicrobyflo.fr/,,lamicrobyflo.fr,,,,text,FALSE,TRUE,FALSE,FALSE,FALSE,TRUE,,,linkfound,2025-03-02 12:23:30,2025-10-27 09:18:32,,,2
207,income.net.in | few of top websites | page no. 171,https://www.income.net.in/domain-list-171,en,,200,6,0,0,1,1062,2060,0,0,https://lamicrobyflo.fr/,,lamicrobyflo.fr,,http://lamicrobyflo.fr/,301,text,FALSE,TRUE,FALSE,FALSE,TRUE,TRUE,,,linkrestored,2024-08-11 16:43:15,2025-10-28 19:02:59,,,2
208,WebsitesCrawl.com | Most Used Websites | page No. 370,https://www.websitescrawl.com/domain-list-370,,,200,31,0,14,0,1059,2092,0,0,https://lamicrobyflo.fr/,,lamicrobyflo,,http://lamicrobyflo.fr/,301,text,FALSE,TRUE,FALSE,FALSE,FALSE,TRUE,,,linkfound,2024-01-12 02:33:54,2025-09-20 18:27:51,,,2
209,Auto-entrepreneur et ch√¥mage : Les cl√©s des √©volutions 2022 üîëüìà,https://www.assuranceprofessionnelleautoentrepreneur.fr/auto-entrepreneur-et-chomage-comprendre-les-evolutions-de-2022/,fr,wordpress,200,1.1,0,3,0,8,8,0,0,https://lamicrobyflo.fr/comment-cumuler-100-du-chomage-avec-ta-micro-entreprise/,"plus d‚Äôinfos, n‚Äôh√©sitez pas √† explorer les liens suivants :",Comment cumuler 100% du ch√¥mage,", Ch√¥mage et auto-entrepreneur , Essentiel du statut auto-entrepreneur et",,,text,TRUE,FALSE,FALSE,FALSE,FALSE,TRUE,,,pagefound,2025-07-06 08:00:12,2025-11-29 05:51:55,,,5
210,Auto-entrepreneurs : Ouvrez votre compte bancaire en ligne en 5 √©tapes !,https://www.rcproautoentrepreneur.fr/2024/10/13/auto-entrepreneurs-guide-pratique-pour-ouvrir-votre-compte-bancaire-en-ligne/,,wordpress,200,7,0,2,0,5,5,0,0,https://lamicrobyflo.fr/le-compte-bancaire-en-micro-entreprise/,vous remplissez toutes les obligations pour votre statut d‚Äôauto-entrepreneur. La,loi en mati√®re bancaire,"et fiscale peut √©voluer, il est donc important de rester",,,text,TRUE,FALSE,FALSE,FALSE,FALSE,TRUE,,,pagefound,2025-01-21 15:57:15,2025-11-29 05:23:45,,,1
211,feelfree.in | few of top websites | page no. 171,https://www.feelfree.in/domain-list-171,en,,200,10,0,0,0,997,1398,0,0,http://lamicrobyflo.fr/,,lamicrobyflo.fr,,,,text,FALSE,TRUE,FALSE,FALSE,FALSE,TRUE,,,linkrestored,2022-12-18 12:27:54,2025-11-12 02:45:50,,,2
212,indiancompaniesdirectory.com | few of top websites | page no. 171,http://www.indiancompaniesdirectory.com/domain-list-171,en,,200,4.7,0,0,0,1066,2109,0,0,https://lamicrobyflo.fr/,,lamicrobyflo.fr,,http://lamicrobyflo.fr/,301,text,FALSE,TRUE,FALSE,FALSE,FALSE,TRUE,,,pagefound,2025-03-31 01:47:41,2025-09-01 06:37:06,,,2
213,new.net.in | few of top websites | page no. 171,https://www.new.net.in/domain-list-171,en,,200,10,0,0,0,1062,2103,0,0,https://lamicrobyflo.fr/,,lamicrobyflo.fr,,http://lamicrobyflo.fr/,301,text,FALSE,TRUE,FALSE,FALSE,FALSE,TRUE,,,linkfound,2024-08-24 04:41:29,2025-10-22 21:24:41,,,2
214,cricketinfo.co.in | few of top websites | page no. 171,https://www.cricketinfo.co.in/domain-list-171,en,,200,8,0,0,0,997,1397,0,0,http://lamicrobyflo.fr/,,lamicrobyflo.fr,,,,text,FALSE,TRUE,FALSE,FALSE,FALSE,TRUE,,,pagefound,2025-01-11 03:14:44,2025-11-26 15:38:05,,,2
215,techpark.org | few of top websites | page no. 171,https://www.techpark.org/domain-list-171,en,,200,4.8,0,0,0,1019,1468,0,0,https://lamicrobyflo.fr/,,lamicrobyflo.fr,,http://lamicrobyflo.fr/,301,text,FALSE,TRUE,FALSE,FALSE,FALSE,TRUE,,,linkfound,2025-04-08 16:10:02,2025-11-11 08:39:36,,,2
216,searchhotels.in | few of top websites | page no. 171,https://www.searchhotels.in/domain-list-171,en,,200,7,0,0,0,1062,2053,0,0,http://lamicrobyflo.fr/,,lamicrobyflo.fr,,,,text,FALSE,TRUE,FALSE,FALSE,FALSE,TRUE,,,pagefound,2024-08-21 01:17:48,2025-10-20 20:23:19,,,2
217,6 erreurs sur ta d√©claration de revenus (imp√¥ts) √† √©viter | LA MICRO BY FLO - Podcast sur Goodpods,https://goodpods.com/fr/podcasts/la-micro-by-flo-504761/6-erreurs-sur-ta-d%C3%A9claration-de-revenus-imp%C3%B4ts-%C3%A0-%C3%A9viter-66418545,fr,,200,81,0,9547,0,15,40,0,0,https://go.lamicrobyflo.fr/Coover,,Coover,,,,text,FALSE,TRUE,FALSE,FALSE,FALSE,TRUE,,,linkfound,2025-07-27 21:37:16,2025-07-27 21:37:16,,,89
218,warazon.com | few of top websites | page no. 171,https://www.warazon.com/domain-list-171,en,,200,9,0,0,0,1019,1451,0,0,http://lamicrobyflo.fr/,,lamicrobyflo.fr,,,,text,FALSE,TRUE,FALSE,FALSE,FALSE,TRUE,,,linkrestored,2025-08-01 08:17:59,2025-12-01 22:13:15,,,4
219,[DISCUSSION] Fonds de solidarit√© Ind√©pendants - lgds-lesgensduspectacle,https://lgds.rimbertweb.fr/viewtopic.php?t=373,fr,message-boards,200,0.6,0,0,0,7,10,0,0,https://www.lamicrobyflo.fr/blog/fonds-de-solidarite-mai-2021?fbclid=IwAR3NqaI_ylYD6VTCv7NbhCUXwoqOxfKvyz9AZ2qLtmdAXlOndjNPEN56aFg,,https://www.lamicrobyflo.fr/blog/fonds- ... jNPEN56aFg,,,,text,FALSE,FALSE,FALSE,FALSE,FALSE,TRUE,,,pagefound,2025-05-15 09:26:17,2025-11-27 04:31:39,,,2